hour,day_of_week,weather,road_type,base_travel_time,traffic_level,travel_time
20,0,Sunny,Residential,11.875732959227982,HIGH,20.09748493678762
17,0,Rain,Main Road,5.79456698704459,HIGH,9.877351440186853
22,5,Rain,Residential,15.487995524041468,MEDIUM,23.029322650267712
13,2,Cloudy,Highway,10.38284405268972,LOW,11.993612976407965
11,4,Cloudy,Highway,23.24329466734545,LOW,27.8009962312935
20,4,Cloudy,Residential,9.807214756416498,HIGH,17.119323039681117
7,6,Sunny,Main Road,11.949340077752304,HIGH,18.039232323767326
8,5,Rain,Residential,6.785062739463708,HIGH,11.572628915792778
20,5,Rain,Highway,22.115356274746865,HIGH,36.98358278043124
8,0,Sunny,Residential,26.909190661816723,HIGH,42.376747451081805
20,3,Sunny,Main Road,8.490757988137657,HIGH,15.677357417790622
13,4,Cloudy,Main Road,10.483018978932083,MEDIUM,13.604159652910383
3,1,Rain,Highway,24.801984109074102,LOW,25.883656094783206
16,2,Rain,Highway,22.007085256412964,MEDIUM,29.52672097885765
10,0,Cloudy,Main Road,8.953943858616743,HIGH,13.938982358928847
5,4,Sunny,Residential,12.461119786215821,LOW,13.683293503313276
5,4,Rain,Highway,19.973614611505724,LOW,21.21224469729607
9,1,Sunny,Highway,26.950239980101014,HIGH,43.71925226689399
2,6,Rain,Highway,8.20978661249407,LOW,7.425240189486448
6,4,Rain,Residential,10.028776584742397,HIGH,16.054110047620494
16,3,Sunny,Highway,10.617433425788935,LOW,11.067449730718575
7,0,Sunny,Residential,20.77757393175247,HIGH,34.05480322072134
2,4,Sunny,Main Road,21.724444457407014,LOW,22.419829363047274
18,4,Cloudy,Highway,24.615485607268834,HIGH,41.547455920014094
13,3,Cloudy,Residential,6.354279680804263,MEDIUM,8.857563876465019
3,1,Sunny,Highway,18.40714384775861,LOW,15.727841950003086
2,3,Rain,Highway,6.264708238122031,MEDIUM,7.764169584789369
7,1,Cloudy,Main Road,17.033960449275988,HIGH,28.915692465109554
12,2,Cloudy,Main Road,15.575187149754072,MEDIUM,22.741458392870303
4,1,Cloudy,Highway,29.217734124228972,LOW,26.098615502676
18,3,Rain,Residential,8.935818198487082,HIGH,18.041479683716428
21,6,Sunny,Main Road,7.997165348678105,MEDIUM,10.2644857757547
13,5,Rain,Residential,18.06956788829897,HIGH,27.481471604875342
21,5,Cloudy,Main Road,12.90442990679635,MEDIUM,18.32407413384059
2,4,Sunny,Residential,11.630010368760033,MEDIUM,14.48625849101282
11,2,Sunny,Main Road,25.843623865995177,MEDIUM,35.68623734519981
20,4,Sunny,Residential,25.42760337788654,HIGH,44.75507226743128
4,2,Sunny,Highway,23.56041709952497,LOW,19.551313657785776
10,1,Rain,Residential,26.322820384797435,HIGH,46.338873596643815
20,3,Cloudy,Highway,5.0886422271945575,HIGH,8.878012959761241
17,5,Cloudy,Residential,5.241742490208499,HIGH,8.237186308433213
18,4,Sunny,Main Road,8.18613798205347,HIGH,14.018373227803401
1,2,Sunny,Residential,11.23824348057311,LOW,12.724286140412003
13,4,Rain,Highway,28.144095564238913,LOW,32.08350440417661
13,0,Sunny,Residential,28.11218238103864,MEDIUM,38.84011931055258
23,6,Sunny,Main Road,8.979946074518281,LOW,10.48299485639653
6,6,Cloudy,Main Road,12.629771683465014,MEDIUM,15.358135787192888
2,6,Cloudy,Main Road,21.037043465190692,LOW,20.145773834447684
8,1,Rain,Main Road,5.956429933831568,HIGH,10.868864833993387
16,0,Cloudy,Residential,9.7519693625574,MEDIUM,13.114520727778892
21,5,Rain,Residential,21.765712610824988,MEDIUM,31.26143726541576
3,5,Cloudy,Residential,12.732116555216331,LOW,12.747476152097088
12,5,Rain,Highway,20.387872898784515,LOW,21.785250288730694
18,4,Rain,Main Road,16.624704756175355,HIGH,31.41760441891849
23,1,Rain,Highway,12.094660124825687,MEDIUM,17.30296936603177
7,5,Cloudy,Highway,25.164072364406646,MEDIUM,33.663773051368025
14,3,Rain,Residential,9.860880918492732,HIGH,15.299831419482869
0,6,Sunny,Main Road,10.471028420307984,LOW,10.250557007734706
3,3,Sunny,Main Road,21.689443314658828,LOW,25.568837731210255
14,4,Rain,Residential,15.668518921466388,HIGH,25.0200812359081
14,2,Sunny,Residential,11.932783828268512,MEDIUM,15.864816224460952
14,0,Rain,Main Road,10.862339450365884,MEDIUM,15.58873208716045
12,5,Sunny,Residential,10.348821927649686,LOW,12.129645907696945
13,3,Rain,Residential,5.488298918443178,HIGH,9.141030445256739
9,6,Cloudy,Main Road,18.455514190255787,HIGH,29.517711981153205
15,0,Cloudy,Main Road,21.72184051557293,MEDIUM,32.07623335720959
19,4,Sunny,Main Road,19.797319390697773,HIGH,33.87896230483387
14,1,Sunny,Main Road,14.47759660470349,MEDIUM,18.041376263553484
12,2,Cloudy,Main Road,25.87277287280303,MEDIUM,34.90302098854238
7,5,Sunny,Residential,6.006453438519165,MEDIUM,8.642419828476958
7,1,Cloudy,Residential,7.859736152732664,HIGH,14.370272783668554
19,4,Rain,Residential,7.863321784472442,HIGH,14.980694935018674
9,4,Rain,Main Road,14.916361037915683,HIGH,27.497239500332913
3,5,Cloudy,Residential,20.010290370421103,LOW,19.22766682413937
11,0,Rain,Residential,13.530779371532079,HIGH,22.681586114819403
20,6,Cloudy,Residential,8.824778727346498,HIGH,14.61005470267299
15,3,Cloudy,Residential,19.811865476592544,MEDIUM,26.66887550727684
14,1,Cloudy,Residential,20.258292605763017,MEDIUM,26.746603821420745
6,2,Cloudy,Main Road,11.99146220093965,MEDIUM,16.42929952365335
6,0,Sunny,Residential,15.160703116762981,MEDIUM,19.7723381956679
22,3,Cloudy,Highway,7.326333763866792,LOW,8.342112155207571
15,4,Rain,Main Road,15.63759531763037,MEDIUM,22.893591181991518
8,1,Sunny,Residential,9.814607336287935,HIGH,15.122088451716241
5,1,Sunny,Residential,17.104964680317718,LOW,20.312648662683664
9,0,Sunny,Main Road,10.687079087063868,MEDIUM,15.261678277327313
8,0,Sunny,Residential,12.303416113819438,HIGH,23.228511762892566
3,6,Sunny,Residential,12.108483178428735,LOW,12.634498976580025
15,0,Sunny,Main Road,17.2936640072767,MEDIUM,21.785550462041925
18,2,Sunny,Highway,7.96128905528654,HIGH,13.317009800850562
7,6,Rain,Main Road,16.262861622218857,HIGH,28.30434075956545
19,5,Sunny,Highway,20.63787576016508,MEDIUM,28.74755487114002
5,0,Cloudy,Main Road,22.234278394619224,LOW,22.99442987524122
14,0,Rain,Highway,28.097776112063716,MEDIUM,39.873864734962815
13,0,Rain,Highway,21.190868085062018,MEDIUM,29.65963944715133
9,4,Rain,Residential,28.029813224190953,HIGH,49.956512389615135
8,4,Rain,Main Road,15.94397158928995,HIGH,31.26100728901222
0,0,Sunny,Residential,25.89896534765453,MEDIUM,31.655214269518506
21,6,Cloudy,Residential,6.005791828615404,MEDIUM,7.948934851218795
18,3,Rain,Main Road,29.226380901642592,HIGH,51.98087831235619
5,2,Cloudy,Residential,17.386725524108442,LOW,19.89058648694737
2,2,Cloudy,Main Road,7.898040035773946,LOW,8.983043116068798
17,3,Cloudy,Highway,9.68956353486318,HIGH,15.198816561407215
6,2,Rain,Highway,28.191819021111193,MEDIUM,39.83892037331746
19,6,Sunny,Residential,8.959454095130809,HIGH,15.270450344259723
3,3,Sunny,Residential,25.80357934422253,LOW,29.221759656119808
8,3,Cloudy,Main Road,11.09327265187846,HIGH,18.937477300504337
4,6,Sunny,Main Road,24.316878316925127,LOW,24.874449159300713
0,2,Rain,Main Road,25.936898065160534,MEDIUM,34.52077921825848
15,2,Cloudy,Residential,24.07181694049948,MEDIUM,35.813071607546355
7,4,Cloudy,Highway,26.400324399684457,MEDIUM,39.30644132349885
12,3,Rain,Residential,29.520453466494626,MEDIUM,42.65249617910481
3,6,Cloudy,Highway,18.148777170189035,LOW,14.893262290799957
15,6,Cloudy,Main Road,20.58148501304995,MEDIUM,25.99385634207485
10,5,Rain,Main Road,26.809575434963406,HIGH,45.75633960427223
23,0,Cloudy,Highway,24.009242324856636,LOW,27.605040726773336
0,0,Cloudy,Highway,12.334194399130219,LOW,11.138660467597095
5,1,Sunny,Highway,20.23729467221342,LOW,17.435391899239594
18,1,Sunny,Main Road,20.94761577508921,HIGH,37.042656796140804
14,2,Rain,Residential,8.949390551794673,HIGH,13.557333375068644
13,5,Cloudy,Main Road,26.132598128564968,LOW,30.64044487123048
18,2,Rain,Main Road,5.548489946489125,HIGH,11.283473964709263
23,0,Rain,Residential,17.41818216309676,HIGH,27.68771181077238
11,1,Rain,Highway,20.522279078257604,MEDIUM,28.91595150169614
20,0,Rain,Residential,5.985564349020435,HIGH,11.291236947684999
9,2,Rain,Main Road,9.391001761107667,HIGH,16.088323217963175
8,6,Sunny,Main Road,27.851223838457802,HIGH,46.514369986610035
3,3,Sunny,Highway,23.853787326533386,LOW,20.629340403263736
12,6,Rain,Main Road,7.257571889214582,MEDIUM,9.627507499797364
8,4,Cloudy,Residential,28.507297294488854,HIGH,43.8080757142266
17,2,Rain,Highway,21.19130951598604,HIGH,37.895499731787616
3,1,Sunny,Highway,12.60911460890013,LOW,11.843407017330597
4,3,Cloudy,Main Road,21.76215547125428,LOW,25.80771847472414
4,3,Rain,Highway,25.842327082408037,MEDIUM,31.54034887945271
6,3,Cloudy,Highway,26.386254832648866,LOW,30.379208768322385
11,0,Cloudy,Main Road,9.745214054026988,MEDIUM,12.723236695703115
20,5,Rain,Highway,6.264462766571825,HIGH,10.235021970339757
17,1,Rain,Highway,25.326324528026475,HIGH,42.410472972504245
8,6,Sunny,Highway,18.505386421578784,MEDIUM,26.113808340398602
11,6,Sunny,Residential,13.094286549050562,MEDIUM,16.34581607276581
23,0,Cloudy,Main Road,24.45042598285507,MEDIUM,33.30126304887813
1,5,Rain,Residential,12.540758225702218,MEDIUM,17.533841290008443
3,3,Rain,Main Road,6.837267894161263,LOW,7.939409553498119
20,4,Rain,Residential,13.129636082966698,HIGH,26.536115247184085
3,6,Rain,Highway,26.319818432389376,LOW,27.099366193838083
7,3,Cloudy,Main Road,14.968254606423832,HIGH,24.995354619584145
4,5,Cloudy,Highway,7.280619709151216,LOW,5.959622711678771
1,4,Rain,Residential,13.241149535405127,MEDIUM,16.99177192465829
23,0,Cloudy,Residential,12.811222477191349,MEDIUM,16.38780193681339
3,2,Rain,Main Road,7.872132838257704,LOW,9.278991704509734
19,4,Rain,Residential,18.918493879261206,HIGH,36.05468848633484
8,5,Cloudy,Main Road,13.775585518424545,MEDIUM,20.098105683450125
0,0,Rain,Residential,10.378322000837773,MEDIUM,13.319405673433481
18,4,Sunny,Highway,8.88949758511221,HIGH,14.0478689722312
14,5,Cloudy,Main Road,20.176900186025385,LOW,23.771021070477346
21,5,Rain,Main Road,18.173352678703623,MEDIUM,25.159408152417214
6,6,Sunny,Main Road,12.23617828043594,LOW,13.094119314610413
17,5,Sunny,Residential,18.96808919186782,HIGH,33.44410461987
13,0,Cloudy,Highway,26.55275034030166,LOW,30.423720437576776
3,3,Sunny,Main Road,9.296829514451725,LOW,10.51252828605573
11,0,Cloudy,Highway,11.082911870568342,LOW,12.720773536060078
10,1,Cloudy,Highway,6.909484436825529,HIGH,10.973091368882306
11,5,Rain,Highway,10.906721223668107,MEDIUM,13.122222801544893
5,6,Rain,Main Road,16.59882671282549,MEDIUM,20.778080190208836
19,2,Rain,Main Road,8.773935034826923,HIGH,14.545622122363866
1,2,Rain,Highway,12.760196265157774,LOW,11.90265333499196
2,4,Rain,Residential,14.612061914561624,MEDIUM,19.997238553820846
18,5,Sunny,Main Road,20.125145851751604,HIGH,32.160415191416945
10,5,Sunny,Residential,21.153177278592977,MEDIUM,29.55835890017508
19,1,Cloudy,Main Road,27.948419727924012,HIGH,46.435352783018985
20,5,Cloudy,Highway,13.242268877943221,HIGH,20.468137010808306
19,6,Sunny,Main Road,7.0375496861970985,HIGH,11.470058363649414
21,3,Sunny,Residential,22.720850359276348,MEDIUM,29.237272379181565
10,6,Sunny,Residential,22.570771803885503,HIGH,37.25149312978427
21,3,Rain,Main Road,5.455763444788318,HIGH,8.517605362663238
6,1,Sunny,Highway,6.929127107521908,MEDIUM,8.338117279530104
23,4,Sunny,Residential,13.419109299107038,MEDIUM,17.6015613754104
5,1,Rain,Residential,25.22609299098253,MEDIUM,32.04984934080445
7,3,Rain,Main Road,23.80977912778715,HIGH,45.706182199436896
15,6,Sunny,Main Road,21.957670626627312,MEDIUM,27.49835866241872
16,4,Cloudy,Highway,25.422280989531004,MEDIUM,30.576301823204687
11,4,Sunny,Residential,26.14730691833596,MEDIUM,36.39351137418143
8,3,Rain,Highway,25.776167965954645,HIGH,40.89958212379201
0,3,Sunny,Main Road,17.550177867330888,LOW,18.678034231862934
0,2,Sunny,Residential,21.24901710735454,LOW,23.057232130561758
15,5,Sunny,Residential,16.72775317888734,LOW,18.748705464153346
4,4,Rain,Residential,18.194287647168107,LOW,20.8644639394238
13,5,Rain,Main Road,6.570178775276595,MEDIUM,9.571290566041053
22,1,Cloudy,Main Road,5.0391083983349745,MEDIUM,6.5375177784175005
16,2,Sunny,Residential,18.602048998200836,MEDIUM,24.239792623764753
15,0,Rain,Main Road,29.525985563789007,MEDIUM,39.827118641293616
23,5,Rain,Highway,24.287534352746476,LOW,29.02155231427568
5,6,Rain,Main Road,29.52047964472123,LOW,35.07750532231427
1,2,Sunny,Highway,24.777730330726097,LOW,22.86123250798518
12,6,Rain,Main Road,11.332844130065435,MEDIUM,16.955750684953944
10,2,Sunny,Main Road,15.92378457812341,HIGH,25.874849943234654
10,1,Cloudy,Residential,17.438084812340684,HIGH,33.9024898371063
2,3,Rain,Highway,18.636859933615924,LOW,17.755597554942195
19,5,Cloudy,Highway,22.244120211137158,HIGH,34.81715718893149
8,5,Sunny,Highway,21.779597222341696,MEDIUM,26.797044941543525
0,1,Rain,Residential,24.532799243586663,LOW,28.936289540875684
12,4,Sunny,Residential,8.835954084817702,MEDIUM,11.462629118717151
2,4,Sunny,Residential,14.17374871634581,LOW,15.799024512166696
0,5,Sunny,Main Road,17.9436318552098,LOW,19.6893061204419
6,4,Cloudy,Residential,27.911972738547036,MEDIUM,38.50938067355643
22,3,Sunny,Residential,29.189030909076557,MEDIUM,42.16108403921136
17,4,Cloudy,Main Road,26.284051268828147,HIGH,50.706553610564576
16,1,Sunny,Highway,24.80164184027852,LOW,25.943834438499234
18,2,Cloudy,Residential,8.24428074284426,HIGH,16.15100436763139
15,4,Cloudy,Main Road,25.583484987709767,MEDIUM,33.1847919387683
21,4,Cloudy,Highway,26.949003791260292,MEDIUM,34.30721453626692
13,4,Sunny,Highway,17.952553323100407,LOW,20.372538789225867
7,2,Rain,Main Road,26.14834265389664,HIGH,43.59986476187038
9,4,Rain,Highway,17.56432861853157,HIGH,28.514503789651158
23,4,Cloudy,Residential,6.029857588044603,MEDIUM,8.975891509834156
8,5,Sunny,Residential,15.414669591581156,HIGH,24.424038963944056
9,3,Sunny,Residential,15.152313168613961,HIGH,24.150555924735016
13,3,Cloudy,Highway,13.504814208794434,LOW,15.96656862842452
11,3,Sunny,Main Road,17.87450335205555,LOW,20.46948186139941
14,1,Sunny,Highway,6.265132295007257,LOW,7.137216793543693
5,6,Cloudy,Residential,23.028210720553048,LOW,25.891774375091703
15,0,Sunny,Main Road,17.63611157559429,MEDIUM,22.876696570360302
1,2,Cloudy,Residential,27.058486909205026,MEDIUM,33.04913455950181
13,1,Cloudy,Residential,14.144440994385025,MEDIUM,18.335189973345155
11,4,Cloudy,Highway,14.658720624494462,LOW,16.757797078110613
19,0,Sunny,Highway,14.847592818215178,HIGH,25.58945856360998
4,1,Rain,Residential,15.034677106901613,MEDIUM,18.341724077987198
16,3,Sunny,Residential,27.32829230195018,MEDIUM,35.26051989176683
12,4,Rain,Main Road,19.843116390774668,MEDIUM,29.49319698618011
15,6,Sunny,Main Road,13.280989839473065,LOW,15.268361399688828
22,5,Sunny,Residential,16.864755352126515,MEDIUM,21.998982181514798
23,0,Rain,Main Road,9.262801543666484,MEDIUM,13.873247438079316
21,1,Sunny,Residential,28.705129269607532,LOW,34.322113537219956
4,3,Rain,Highway,15.259435233067627,MEDIUM,18.484827826382283
1,5,Sunny,Residential,10.183542624281117,LOW,9.747337635947101
5,3,Rain,Main Road,18.656830481120757,MEDIUM,26.38807879563794
8,4,Cloudy,Highway,28.933434904835956,MEDIUM,41.017801014611415
9,5,Sunny,Residential,22.62470649350492,HIGH,35.76196359194128
8,2,Sunny,Residential,21.91555614456364,HIGH,37.30953862738631
4,2,Sunny,Main Road,28.882842941981046,LOW,30.855279831504955
23,3,Sunny,Highway,25.698792587700844,LOW,26.68311319401958
3,4,Rain,Residential,10.982051648657402,MEDIUM,13.99888240004887
3,3,Cloudy,Residential,16.810097675872015,MEDIUM,21.249646782666673
5,3,Rain,Main Road,16.93621301102241,MEDIUM,22.31827081243409
2,5,Rain,Highway,18.378806922340118,LOW,20.359774422704874
5,0,Cloudy,Main Road,9.657790798062223,LOW,10.511363769887687
9,4,Rain,Highway,28.21137115042543,HIGH,43.63094365476061
4,6,Rain,Main Road,11.820927037449811,MEDIUM,15.401649126852588
0,5,Cloudy,Main Road,19.194530560523482,LOW,22.486222666236312
16,2,Sunny,Main Road,21.731396335248856,LOW,25.44215387601569
7,0,Cloudy,Main Road,10.888031320038348,HIGH,19.57823750495363
0,2,Rain,Main Road,22.31921476056847,LOW,24.57936841001414
16,5,Cloudy,Residential,7.935393646119408,MEDIUM,10.21860555528817
4,3,Rain,Residential,14.340621049673409,MEDIUM,21.31146672535274
6,6,Sunny,Residential,23.868488743121635,MEDIUM,32.086489557602704
2,4,Sunny,Highway,25.71935134896063,LOW,24.477492430733452
5,2,Rain,Main Road,7.906000554616606,MEDIUM,9.499987093357639
1,3,Sunny,Residential,15.385614346116496,LOW,17.585147345942953
9,5,Sunny,Main Road,11.36143047669031,MEDIUM,14.507422025805107
22,0,Rain,Highway,28.36456997212366,MEDIUM,37.8173208493911
4,6,Rain,Residential,21.147020452429086,MEDIUM,25.62994529849112
12,0,Rain,Residential,26.863843042273125,HIGH,42.390789928980766
12,4,Sunny,Residential,29.468109425658398,MEDIUM,43.25535757357717
14,5,Rain,Residential,15.603200743335039,MEDIUM,21.036428283911192
23,6,Sunny,Highway,25.23695458847986,LOW,22.623976985501084
6,0,Sunny,Residential,5.83940689385702,MEDIUM,7.583150172434566
23,0,Cloudy,Main Road,10.85848196218904,MEDIUM,13.687654001522302
9,1,Rain,Residential,12.9725924092298,HIGH,24.232302108809275
4,5,Rain,Highway,15.339005161170093,LOW,14.231028419913374
21,3,Rain,Main Road,6.172102423811374,MEDIUM,9.085539413435423
22,3,Cloudy,Highway,12.497212360885028,LOW,13.58581823543049
22,1,Cloudy,Highway,19.059648739672728,MEDIUM,23.061528520783277
6,2,Rain,Highway,28.05565261278056,MEDIUM,34.237852652917844
8,3,Rain,Residential,20.073051124726895,HIGH,40.292379009244364
17,1,Cloudy,Highway,26.736846288113448,HIGH,43.528392219787634
23,0,Rain,Main Road,27.861032419389705,MEDIUM,41.64540082720449
10,6,Cloudy,Main Road,16.656261521140134,HIGH,27.53060055813935
23,3,Cloudy,Highway,14.267623035781462,LOW,15.892552105669308
8,4,Rain,Residential,23.00029844373056,HIGH,38.91751664749656
7,3,Rain,Residential,28.58661362619076,HIGH,53.67473189511651
23,3,Cloudy,Highway,23.31930592562547,LOW,24.928775526818242
17,5,Sunny,Residential,5.845593929117264,HIGH,10.566093894667652
13,1,Rain,Highway,6.699198541635566,LOW,7.644678653569681
20,5,Rain,Main Road,21.48210854974657,HIGH,33.751895352461226
17,2,Sunny,Residential,25.328930522847745,HIGH,48.78472194904441
3,0,Rain,Highway,11.024220807837704,LOW,11.997814347691543
2,2,Cloudy,Main Road,19.125054561199228,MEDIUM,23.170219139607863
20,6,Rain,Highway,7.337512635677736,MEDIUM,10.695579139674425
15,6,Cloudy,Residential,24.609407769752778,LOW,28.829006377786385
6,6,Rain,Residential,16.88750719113183,HIGH,25.910169860508443
1,1,Cloudy,Highway,29.036729746900146,LOW,27.302735280074188
2,2,Sunny,Residential,11.01180485760717,LOW,13.040630095062799
10,3,Rain,Highway,24.762452130853745,HIGH,39.11008134681635
3,3,Sunny,Highway,13.51481866187765,LOW,11.964634583505418
10,0,Rain,Main Road,24.588703474511554,HIGH,42.03650453960964
5,5,Rain,Residential,14.50181783841813,LOW,16.57008155957345
12,5,Rain,Highway,23.491382224414863,LOW,25.999050657433877
8,0,Sunny,Highway,9.68479458819693,MEDIUM,13.451309009437056
0,0,Cloudy,Residential,7.326606511496854,LOW,8.248457838068305
12,6,Sunny,Residential,27.528401121410827,MEDIUM,33.14468122044252
12,1,Sunny,Main Road,12.528281634376718,MEDIUM,15.312799450004766
13,2,Cloudy,Highway,14.028122807238201,MEDIUM,17.457277577341046
14,0,Sunny,Main Road,5.169184235636788,MEDIUM,6.606107450173831
10,3,Cloudy,Main Road,25.386886750075078,HIGH,44.52460082926047
22,1,Cloudy,Main Road,9.440931782978517,MEDIUM,12.650341407155539
18,6,Sunny,Main Road,14.401382558103677,HIGH,24.619729705812023
18,4,Sunny,Residential,24.190447693709125,HIGH,40.00210605414926
6,3,Cloudy,Residential,6.7289667984406565,MEDIUM,9.483877087015088
9,1,Cloudy,Residential,8.853580861396413,HIGH,14.812065234613732
18,3,Rain,Residential,28.087393850161167,HIGH,58.80617227446353
22,6,Rain,Residential,20.954509175271028,MEDIUM,28.765518513952298
1,4,Rain,Residential,21.16859015070232,MEDIUM,27.694676306941023
3,2,Sunny,Residential,23.671325690820396,LOW,26.134149819870675
11,3,Cloudy,Residential,19.71474891350368,MEDIUM,24.96074337236842
13,0,Sunny,Residential,8.541879420788707,MEDIUM,10.715230689809799
15,2,Cloudy,Highway,15.954148456825678,MEDIUM,19.38740910462259
3,0,Cloudy,Residential,7.734067044619346,MEDIUM,9.650900735702987
17,1,Cloudy,Residential,15.659234590542058,HIGH,27.540232160412216
21,3,Cloudy,Highway,23.43470923865343,LOW,26.905411696997415
6,1,Cloudy,Residential,25.21824471578152,MEDIUM,32.31168765827012
10,1,Cloudy,Highway,11.558834886309022,HIGH,18.845762196028442
19,3,Rain,Highway,13.69811593591886,HIGH,26.157004651625044
9,4,Rain,Highway,21.802752042924567,MEDIUM,32.65878133961887
4,4,Cloudy,Main Road,19.910645436098292,LOW,22.243903970749017
20,1,Rain,Highway,17.24105065480522,MEDIUM,25.472811652423417
11,0,Cloudy,Highway,9.87821229085623,LOW,11.047571997382205
15,3,Rain,Main Road,17.21748779849214,MEDIUM,22.670630784219348
8,1,Rain,Main Road,9.205224435914342,HIGH,17.188578733377177
3,4,Sunny,Main Road,24.37782569659989,LOW,27.315326605471316
1,6,Rain,Main Road,18.658831868049113,MEDIUM,24.674015950085057
1,3,Cloudy,Main Road,26.554990637438106,LOW,28.590646443972577
6,6,Rain,Residential,22.22833967779406,HIGH,33.50079518522466
6,6,Sunny,Residential,13.770386973820774,LOW,16.449262070020666
9,4,Cloudy,Residential,29.637207556544855,HIGH,54.67931833276501
1,2,Rain,Highway,22.53566318491079,LOW,21.5069254775726
21,3,Cloudy,Highway,19.435638232604035,LOW,21.912290562689282
2,3,Rain,Residential,11.955642196294592,MEDIUM,16.22793321540187
0,6,Rain,Highway,23.273298437176326,LOW,22.351029483579822
6,3,Sunny,Main Road,11.713420957860563,MEDIUM,15.440877360744828
18,6,Cloudy,Main Road,27.3538664509639,HIGH,47.93680790984308
5,3,Cloudy,Highway,29.795955970516754,LOW,28.942636126018915
9,1,Cloudy,Highway,21.364699110469854,MEDIUM,27.821395542666963
12,5,Cloudy,Residential,22.48603428811434,LOW,26.514684869601883
4,4,Sunny,Residential,21.999568128039478,LOW,24.30129908002995
13,5,Sunny,Main Road,6.770707635012803,LOW,7.273065832921677
9,1,Cloudy,Highway,21.039403712924596,HIGH,32.26451750759559
5,3,Cloudy,Residential,10.32638628558815,MEDIUM,12.593300195459653
6,0,Sunny,Highway,23.81114116369881,LOW,27.8848199064796
10,6,Sunny,Highway,11.924191423621135,LOW,13.84058766740433
22,0,Rain,Main Road,10.13614295381105,MEDIUM,14.582559552636072
7,3,Cloudy,Highway,11.027043890130246,MEDIUM,15.576764431616537
11,2,Sunny,Main Road,26.520350098418685,MEDIUM,34.34557304650918
15,6,Sunny,Highway,19.684087423148114,LOW,19.217355624713456
12,4,Cloudy,Residential,22.815726902531264,MEDIUM,32.407320144467384
17,4,Sunny,Main Road,7.089926844445408,HIGH,11.686637386453942
4,4,Cloudy,Main Road,19.660929075310797,LOW,22.4681068369103
13,5,Sunny,Highway,11.111993842984138,LOW,11.641929427114173
21,5,Rain,Residential,9.391147591069899,MEDIUM,11.929702147662221
16,6,Rain,Main Road,9.17407385480952,MEDIUM,12.09284949589453
0,2,Cloudy,Main Road,18.09635528621673,LOW,20.310946017883033
16,2,Sunny,Main Road,26.48399456718678,MEDIUM,32.39814103781457
18,5,Rain,Highway,10.710110578831276,HIGH,18.79106373097168
12,1,Sunny,Highway,18.82161971239661,LOW,21.471437525554254
10,1,Cloudy,Residential,12.998378439109391,HIGH,23.758062867367276
1,1,Sunny,Residential,29.535346598537373,LOW,33.004801621449126
9,6,Cloudy,Main Road,7.1596380608326555,HIGH,11.449469894327853
7,3,Cloudy,Residential,29.29644362877322,HIGH,57.06776642805519
7,1,Sunny,Main Road,5.59775639940011,HIGH,9.302074393876063
0,2,Sunny,Residential,14.40687076170109,LOW,15.650511760729989
7,3,Cloudy,Highway,29.313980899184806,MEDIUM,38.26998142586294
16,3,Rain,Main Road,16.461450713603718,HIGH,25.51295169765059
12,0,Rain,Residential,6.557071587998954,HIGH,9.873129687813776
12,5,Rain,Main Road,12.951442981652516,MEDIUM,17.656860334790515
4,0,Sunny,Main Road,16.651377810916543,LOW,18.337677985453347
6,3,Cloudy,Main Road,11.625198172867705,MEDIUM,15.198454037106488
22,4,Sunny,Highway,25.898118774699658,LOW,27.634541559306008
11,3,Rain,Highway,21.929584424726794,MEDIUM,30.095257410693915
14,4,Rain,Residential,11.246315705538777,MEDIUM,16.517555103207783
7,1,Sunny,Main Road,14.305993595399942,HIGH,24.03846837656779
8,6,Sunny,Highway,29.929035653261845,LOW,33.70408411316072
10,0,Sunny,Main Road,6.265942522881403,HIGH,11.294579298576176
15,0,Cloudy,Residential,15.666600460709482,MEDIUM,21.115005310061335
4,0,Rain,Residential,20.42442911226019,MEDIUM,27.83575550362887
2,2,Cloudy,Highway,15.480870529908277,LOW,15.961342733567518
17,6,Sunny,Main Road,24.547894171135624,HIGH,39.30404447983483
16,2,Cloudy,Main Road,9.49539684244673,MEDIUM,12.888402933916465
1,6,Cloudy,Residential,13.935822316788538,LOW,14.269676156499202
17,6,Rain,Highway,24.101243092937775,HIGH,47.75166197038463
5,1,Sunny,Residential,12.950109207296785,LOW,14.695093410608237
22,5,Cloudy,Residential,19.09016216957984,MEDIUM,26.382811529850827
9,1,Cloudy,Highway,7.256434421272571,MEDIUM,9.306050195440879
19,1,Sunny,Main Road,22.923440817270404,HIGH,42.829890021173604
0,1,Rain,Residential,27.930603687027965,HIGH,42.314563882196786
11,5,Rain,Main Road,19.650416579289768,MEDIUM,29.028496028775
20,3,Rain,Main Road,9.355066773888266,HIGH,19.247099024434434
7,5,Rain,Highway,14.459602703679954,HIGH,23.59678841977095
18,3,Rain,Highway,9.552043900338685,HIGH,16.547363386328417
3,3,Sunny,Main Road,23.633583202549563,LOW,24.60340329761526
2,6,Rain,Residential,20.977567197621973,LOW,23.87899894818887
8,6,Sunny,Residential,5.032028937367248,HIGH,7.9847588024715535
15,3,Cloudy,Residential,14.383689258513703,MEDIUM,21.38684169078679
7,1,Cloudy,Highway,24.979864143908486,MEDIUM,30.506750734538468
10,1,Cloudy,Highway,23.299627131782923,HIGH,36.17297621107055
19,3,Rain,Highway,15.78308335364652,HIGH,27.310214938698895
10,1,Sunny,Main Road,22.429917595183927,HIGH,37.49453142298023
9,2,Sunny,Highway,6.240886075962747,MEDIUM,8.65577158834754
11,0,Cloudy,Highway,12.363736224155371,LOW,14.077867914400022
5,5,Cloudy,Highway,16.83926627855172,LOW,13.977018286614822
20,4,Cloudy,Highway,14.275513121018687,HIGH,21.731802011069718
8,1,Cloudy,Residential,6.540984241502483,HIGH,11.393554555419039
17,3,Rain,Highway,18.84004765394772,HIGH,36.472811460254654
15,4,Sunny,Main Road,12.47130272518006,MEDIUM,15.394325494452811
18,4,Rain,Residential,29.56886910279712,HIGH,58.510118210319234
5,1,Sunny,Highway,6.0668975158361516,LOW,5.0031467481730445
20,1,Rain,Main Road,12.993737219051361,HIGH,26.133950769091637
17,2,Cloudy,Residential,16.45392952806538,HIGH,32.633902704011376
13,0,Cloudy,Highway,8.704993532336115,MEDIUM,10.49702214012409
18,6,Sunny,Main Road,26.686881694129383,HIGH,45.817325898562785
18,4,Cloudy,Highway,9.30499320391829,HIGH,14.135820444724814
12,2,Rain,Highway,6.2322743881027804,MEDIUM,7.703137406405907
9,2,Cloudy,Main Road,26.455869580839355,HIGH,44.72807901962546
23,3,Cloudy,Main Road,23.219985331738876,MEDIUM,31.682435569569282
13,5,Cloudy,Residential,26.67972426375564,MEDIUM,34.23402513207213
4,6,Rain,Residential,5.723703983004642,LOW,6.736996583635452
11,5,Sunny,Main Road,14.208798189369269,MEDIUM,17.681284397494842
7,2,Cloudy,Residential,16.15258581518823,HIGH,30.01818404421693
8,5,Rain,Highway,12.126734410869048,HIGH,18.896727777132458
20,1,Rain,Highway,11.727089481723928,HIGH,19.010110453494697
0,3,Sunny,Residential,9.33001641205362,LOW,10.54850568822081
9,5,Rain,Residential,11.88446395542599,HIGH,21.395790129588242
16,6,Rain,Main Road,19.612178896053155,MEDIUM,27.19945122562472
19,4,Cloudy,Main Road,22.11032839642922,HIGH,37.158840011368575
8,2,Rain,Residential,28.804694952885395,HIGH,51.90445183014606
1,6,Rain,Main Road,21.513258092028224,MEDIUM,26.042850582019284
13,3,Cloudy,Residential,5.882975120660606,MEDIUM,8.299569017893527
7,5,Rain,Residential,24.622426382402924,HIGH,49.17641678814995
17,1,Cloudy,Highway,16.769521819044673,HIGH,29.36892727409075
21,2,Rain,Highway,10.556337787822521,MEDIUM,14.657198260913004
11,2,Rain,Main Road,16.594015704693994,MEDIUM,22.44538156626744
19,0,Cloudy,Highway,17.51193436231761,HIGH,28.860683236771617
4,1,Sunny,Main Road,15.229796168802602,LOW,16.81803905861853
10,6,Rain,Highway,24.473529435845364,MEDIUM,33.39332752922266
8,1,Sunny,Residential,24.112093403643946,HIGH,38.65893215742124
19,3,Rain,Main Road,15.08483700994876,HIGH,29.26281661435007
11,0,Cloudy,Residential,9.764417748510112,MEDIUM,13.775440310972447
11,2,Sunny,Highway,14.588761907692342,LOW,17.018408077744223
9,2,Cloudy,Residential,18.007210306147094,HIGH,29.913535456453808
15,2,Sunny,Highway,28.702108842673567,LOW,32.60135924229248
23,1,Sunny,Residential,5.547831801640397,MEDIUM,7.296521967012579
1,3,Rain,Main Road,24.28124158358824,LOW,29.123785366092044
0,0,Rain,Highway,15.419389129488597,LOW,16.095643705064916
22,5,Rain,Highway,12.527911368919806,LOW,13.965429811207802
3,4,Rain,Residential,7.943364210930982,LOW,8.897568826751218
8,6,Rain,Highway,13.948045913770189,HIGH,21.48600254149625
15,2,Sunny,Highway,5.318735031715245,LOW,5.668032177647001
15,1,Sunny,Residential,6.876205340691584,MEDIUM,9.758760817849609
14,2,Cloudy,Main Road,6.252004895323683,MEDIUM,8.813236521138556
21,2,Cloudy,Residential,7.8975263414901615,MEDIUM,10.672495563898236
20,1,Cloudy,Main Road,27.363190434447397,HIGH,52.44733804362447
10,1,Sunny,Main Road,15.006255649460465,HIGH,24.713473494139077
15,6,Cloudy,Residential,27.153097167035483,MEDIUM,37.174821653224605
3,3,Rain,Main Road,25.056619601127398,LOW,29.781961437157502
0,6,Rain,Residential,29.33611450563423,LOW,29.05026299928382
8,5,Cloudy,Highway,22.614204412015578,MEDIUM,33.66497123642437
21,6,Cloudy,Residential,18.07757938061685,MEDIUM,23.674508028319714
21,5,Cloudy,Highway,25.975825530744682,LOW,24.484553155904248
15,6,Cloudy,Highway,6.871631061924619,LOW,7.518553766289213
20,3,Cloudy,Highway,6.9707648938697915,HIGH,10.995775764468302
10,0,Cloudy,Residential,21.334325078459294,MEDIUM,31.24329487454001
2,6,Rain,Residential,20.93845306049994,MEDIUM,26.315347525901846
1,6,Sunny,Main Road,13.299315638868293,LOW,13.166837220387672
14,0,Sunny,Residential,10.543677695504751,MEDIUM,14.72062229484615
9,4,Rain,Main Road,22.552401331499635,HIGH,34.91213206539443
23,3,Sunny,Main Road,20.271294153467096,MEDIUM,25.49193567517611
14,6,Sunny,Residential,13.448338714943404,MEDIUM,18.0881204139227
3,6,Cloudy,Main Road,21.461417375005066,LOW,22.628845899217023
13,6,Rain,Main Road,28.10927184453847,MEDIUM,40.06795039031396
3,3,Rain,Residential,20.154019348825486,MEDIUM,27.64232044132487
22,6,Sunny,Main Road,14.94674991138159,LOW,17.323023308175646
19,5,Rain,Residential,12.472828373885607,HIGH,25.02935623101802
6,1,Rain,Residential,12.264487386981266,HIGH,19.723528487981287
5,4,Rain,Residential,20.921935871687047,MEDIUM,29.398781334637967
21,5,Cloudy,Residential,23.696718084414673,MEDIUM,33.23381089602373
0,3,Sunny,Highway,21.756354469173544,LOW,17.865872470164877
9,5,Cloudy,Highway,25.98454536162928,HIGH,40.477486364056446
3,4,Rain,Residential,19.047124584175922,MEDIUM,24.697342291961796
22,2,Rain,Residential,6.174497031883301,HIGH,9.554988406305116
17,0,Sunny,Residential,11.283528209307644,HIGH,21.37001478272108
7,5,Rain,Residential,21.190809638750014,HIGH,42.03595131983472
9,3,Sunny,Residential,6.861724851089821,HIGH,12.267083105435395
1,3,Cloudy,Residential,11.605989882734889,LOW,12.61530246113243
4,0,Sunny,Main Road,19.92200830035944,LOW,22.77694862450832
9,3,Rain,Residential,13.952139704093485,HIGH,25.659960746848434
2,6,Rain,Highway,15.398281094260541,LOW,14.970177498460744
11,2,Sunny,Residential,18.262472390170615,HIGH,27.407500569370033
0,0,Rain,Main Road,16.14168115711731,MEDIUM,22.679721245446306
21,2,Cloudy,Highway,14.646898369601098,LOW,16.969798361531446
11,4,Rain,Main Road,17.17011772912958,MEDIUM,23.96876339818442
3,1,Rain,Residential,5.183264655421128,MEDIUM,7.087747312995376
13,6,Sunny,Highway,18.443855350604032,LOW,18.134568454585814
2,5,Rain,Highway,5.593823652570177,LOW,5.389506049456248
2,4,Sunny,Main Road,15.190819462394826,LOW,15.576694206756002
12,5,Sunny,Residential,5.147473186519506,MEDIUM,6.516883538787296
2,2,Rain,Highway,12.245914970877003,LOW,14.550179615317253
12,3,Rain,Highway,16.849691934198788,MEDIUM,21.476076328886062
17,2,Rain,Highway,12.451412580402389,HIGH,24.69641160433129
0,4,Rain,Highway,8.080878973337475,LOW,8.805736611709875
9,1,Rain,Residential,27.588659399363646,HIGH,49.29831189554027
5,1,Sunny,Residential,25.868709171701553,LOW,27.748412069304177
1,6,Rain,Main Road,21.11686284647595,LOW,21.531603532387713
10,2,Sunny,Residential,21.38682451742382,HIGH,33.407635632026505
10,3,Cloudy,Main Road,20.408560756486327,HIGH,31.886601423736785
10,3,Sunny,Highway,12.830369518357353,HIGH,19.889426229756115
8,6,Cloudy,Highway,21.989504496189355,MEDIUM,28.386885036185486
3,1,Rain,Residential,7.049342327153866,MEDIUM,9.488092614563277
23,5,Sunny,Residential,6.884998919834416,LOW,7.6715869236490715
12,6,Rain,Highway,27.65758943495458,MEDIUM,37.07314507937915
11,3,Sunny,Residential,23.330670680322527,MEDIUM,30.130704022313708
12,2,Rain,Highway,21.566962234467418,MEDIUM,29.347477371558114
16,1,Cloudy,Highway,9.47862959771552,MEDIUM,11.676509446467586
15,2,Sunny,Highway,24.03680944585095,LOW,25.07143890287521
21,1,Rain,Main Road,14.702327748699899,HIGH,23.395441188633338
3,5,Rain,Residential,25.741178891341256,MEDIUM,32.67377089367938
11,4,Rain,Highway,17.91657243884847,MEDIUM,24.044806267350722
11,3,Cloudy,Residential,5.1649421643162094,MEDIUM,7.250217230442147
8,1,Sunny,Highway,8.93393381726424,MEDIUM,13.162548878003534
13,6,Cloudy,Residential,7.833467439099522,MEDIUM,10.275650311741181
7,0,Sunny,Residential,19.80869150927833,HIGH,30.980297605238427
4,0,Sunny,Main Road,28.061171766377527,LOW,30.921514570523154
20,0,Rain,Residential,21.543626565728953,HIGH,40.13452382934699
15,1,Sunny,Main Road,20.020967860280003,MEDIUM,26.192485559093353
21,4,Cloudy,Highway,23.104669951943897,LOW,25.15736105449124
12,1,Sunny,Highway,10.058713727204378,LOW,11.51186955909613
4,4,Sunny,Highway,16.89672963723693,LOW,16.01785360619739
16,6,Sunny,Highway,17.056023377812025,LOW,16.275891198768814
21,5,Cloudy,Residential,15.517100500013202,MEDIUM,20.926729665206857
12,2,Rain,Residential,27.696471914935714,HIGH,42.776736982104445
7,6,Sunny,Main Road,19.957308746272012,HIGH,30.50708340253431
0,4,Rain,Highway,17.994046138076865,LOW,17.756436469080786
3,1,Cloudy,Residential,19.634254622018474,LOW,22.633268152398916
21,3,Sunny,Main Road,18.80262370850675,MEDIUM,23.670660430820508
15,2,Cloudy,Residential,13.608907605371341,MEDIUM,20.122868205071917
23,1,Cloudy,Residential,28.73112946037112,MEDIUM,39.78082843837752
19,5,Rain,Residential,6.301319927114622,HIGH,11.845927287857593
19,3,Sunny,Highway,11.577299949111463,HIGH,17.375626183325533
12,4,Rain,Residential,12.161730846689235,MEDIUM,18.043016851980468
15,3,Sunny,Highway,26.264190907941053,LOW,29.630828640060585
19,4,Rain,Residential,10.791774320451541,HIGH,17.41828310953734
5,0,Cloudy,Main Road,13.8281915839132,LOW,15.633064770133757
2,0,Rain,Main Road,23.1534677426824,MEDIUM,30.295118652777933
7,4,Sunny,Main Road,28.242846020303006,HIGH,44.938846718604
3,4,Sunny,Residential,12.356295611703,MEDIUM,15.426393421823315
17,6,Rain,Main Road,22.3547965367825,HIGH,46.7717726453655
14,5,Cloudy,Residential,26.550581981865818,MEDIUM,34.02394528727052
22,1,Cloudy,Main Road,28.886142178084004,MEDIUM,37.48736219711087
2,3,Rain,Residential,25.526867237313255,MEDIUM,33.78193809229403
18,2,Sunny,Residential,22.077682713094212,HIGH,40.98481082688405
23,1,Cloudy,Highway,10.730188303211062,MEDIUM,13.540025732740094
3,0,Rain,Residential,17.316621581805308,MEDIUM,24.513760785196446
11,4,Cloudy,Main Road,27.453030009821305,MEDIUM,36.26087733137746
16,2,Cloudy,Highway,23.75423464489452,LOW,27.26909180917737
1,4,Cloudy,Main Road,26.5100032624488,LOW,29.282533732593485
10,5,Sunny,Highway,21.85257651112087,MEDIUM,29.971033823895038
5,4,Cloudy,Highway,11.735205738124503,LOW,11.604180866122887
13,5,Cloudy,Main Road,26.35815218102049,LOW,31.012623250791478
3,5,Cloudy,Highway,18.883501185517524,LOW,17.217150754995174
0,1,Cloudy,Main Road,8.361792116530568,LOW,9.59012975330566
15,2,Cloudy,Residential,26.462549561231306,MEDIUM,32.12232610680103
8,3,Rain,Highway,16.246370476594794,HIGH,25.89712052420984
8,2,Sunny,Main Road,8.030937230417594,HIGH,13.968004169194828
18,5,Rain,Residential,9.36347089323646,HIGH,19.169882958320777
2,3,Rain,Main Road,16.593802018410003,MEDIUM,24.270218320924023
13,5,Rain,Residential,15.119318002630168,HIGH,22.691704715679812
22,2,Rain,Residential,14.88638312951626,HIGH,25.67829584350655
16,3,Cloudy,Highway,9.5971549775846,LOW,10.861821292851793
22,5,Sunny,Highway,9.172761625991312,LOW,8.895855500520272
0,6,Cloudy,Residential,24.124909303339894,LOW,25.770037361987676
9,1,Sunny,Residential,12.104382001452226,HIGH,20.82001957536348
0,0,Rain,Main Road,26.509220435334814,MEDIUM,34.11617772975572
8,4,Cloudy,Highway,29.238556613863654,HIGH,45.31507540795105
20,4,Cloudy,Residential,20.994662724347457,HIGH,37.49875913111343
2,3,Cloudy,Main Road,15.305095139854966,LOW,16.35435495803769
4,2,Cloudy,Main Road,18.37747220104879,LOW,20.847378137676298
13,6,Cloudy,Residential,10.780384837978964,MEDIUM,12.954742867328926
5,5,Rain,Residential,14.7430817463299,MEDIUM,17.819352836370527
19,6,Rain,Residential,11.796627917266795,HIGH,20.642159246300384
4,2,Sunny,Residential,16.383575316095616,LOW,18.406608973919308
10,0,Sunny,Highway,29.242905440734837,LOW,34.61969456291267
4,5,Cloudy,Residential,5.205102233739662,LOW,5.538032871052334
15,2,Cloudy,Residential,24.78561785663238,MEDIUM,33.52205103209581
12,0,Rain,Main Road,9.540093465185219,MEDIUM,13.363378683334775
22,1,Cloudy,Main Road,11.179054777625762,MEDIUM,15.06521251522865
21,1,Cloudy,Main Road,22.03605800144633,MEDIUM,27.3168061090841
17,4,Sunny,Main Road,17.030739828668537,HIGH,26.119236856257064
21,1,Sunny,Highway,20.822724147543617,LOW,22.194879023173062
3,3,Sunny,Highway,29.220873237027483,LOW,26.35340737895782
4,2,Sunny,Highway,8.942461404934377,LOW,7.928584327482481
20,0,Sunny,Main Road,21.114372416197963,HIGH,36.7804914773866
7,2,Rain,Residential,23.917438080034728,HIGH,47.01597946613712
11,5,Sunny,Main Road,27.466576106751067,LOW,32.44747312773514
6,4,Sunny,Residential,13.691616975456636,MEDIUM,18.917806632417353
17,1,Sunny,Residential,8.875636951883173,HIGH,14.402933598600528
0,6,Rain,Residential,14.476089241664434,MEDIUM,18.600272003247195
23,0,Rain,Residential,25.47624334459954,MEDIUM,37.91823338421884
9,2,Cloudy,Residential,13.050601391208195,HIGH,20.465813584700914
5,6,Sunny,Highway,7.67637921224726,LOW,6.452233925387906
15,4,Rain,Residential,19.757522802043432,MEDIUM,26.751485528614285
6,5,Cloudy,Highway,16.70147858579083,LOW,18.615559432362915
22,0,Rain,Main Road,18.22552078229434,MEDIUM,27.178359162559705
16,0,Sunny,Residential,10.775450082805204,MEDIUM,13.977337249758778
18,5,Sunny,Residential,23.729858949434313,HIGH,39.05159935210115
14,5,Rain,Main Road,27.07060048433065,MEDIUM,34.53905581681852
19,3,Cloudy,Main Road,18.75203355987798,HIGH,37.25634838090974
23,2,Rain,Highway,19.078617570107102,MEDIUM,23.986162432032412
14,3,Cloudy,Highway,23.15783195843229,MEDIUM,29.82417656484068
9,0,Cloudy,Highway,10.3705703198389,MEDIUM,14.934188551405445
17,4,Rain,Residential,28.148061255293307,HIGH,46.25704305446182
11,4,Sunny,Highway,11.406095961308894,LOW,12.24885734531494
6,5,Sunny,Residential,13.117301351000403,MEDIUM,16.909298826265875
3,4,Rain,Main Road,5.934289904458327,MEDIUM,8.0482111665788
10,2,Cloudy,Main Road,28.256152098594438,HIGH,45.01203394811606
0,5,Rain,Main Road,6.353198719170576,LOW,7.623398426326504
4,0,Rain,Residential,29.934182575509453,MEDIUM,40.89670347506311
13,2,Cloudy,Highway,8.304726134271952,LOW,9.159868063993406
2,3,Rain,Main Road,24.345628413906415,LOW,27.92819912701155
20,4,Sunny,Residential,20.399920939855047,HIGH,35.5158210129893
13,2,Rain,Residential,7.239866203168381,MEDIUM,10.809466841608485
19,5,Sunny,Main Road,9.231381600285307,HIGH,14.372829752508958
14,0,Sunny,Highway,22.133980686556693,LOW,22.001716094969982
23,0,Sunny,Residential,28.168242377727676,MEDIUM,37.848245489370335
22,6,Sunny,Main Road,16.251539265958648,LOW,17.919831390498153
16,6,Cloudy,Residential,17.075658258617295,MEDIUM,22.539600588534295
21,4,Sunny,Main Road,9.257991176119084,MEDIUM,11.910594031938121
1,3,Rain,Highway,6.664944810540442,LOW,7.335407073335191
3,0,Cloudy,Residential,14.663080653393383,MEDIUM,18.902154830971238
15,6,Rain,Residential,7.200516720566412,MEDIUM,9.386896399305739
16,2,Cloudy,Main Road,14.834995445681868,MEDIUM,18.769193394064867
7,4,Cloudy,Highway,20.64480909289408,HIGH,32.1493286737052
17,2,Sunny,Highway,13.544653821210435,HIGH,20.78786590867227
16,5,Rain,Residential,22.16308281336501,MEDIUM,30.724601054865328
14,4,Sunny,Highway,21.31181615192006,LOW,22.806166937679475
4,2,Rain,Residential,27.466079243236308,MEDIUM,39.09772103199551
20,4,Sunny,Main Road,6.695351033907438,HIGH,11.250346075966029
4,5,Sunny,Main Road,27.0032975027144,LOW,26.846466741312124
20,5,Cloudy,Highway,24.47769712431982,MEDIUM,32.49877957247613
18,4,Sunny,Residential,10.804563356733391,HIGH,19.93385069996844
15,1,Rain,Residential,16.71908745766042,MEDIUM,24.562417990537522
5,1,Sunny,Highway,15.214729004453652,LOW,14.627495963468581
7,5,Rain,Highway,23.94441474314073,MEDIUM,33.189780699245546
10,6,Cloudy,Highway,15.688892082286394,MEDIUM,23.02256424925875
23,4,Rain,Residential,18.13076329257224,HIGH,29.605294593404405
1,1,Rain,Residential,14.890279915897294,MEDIUM,20.385221512957695
1,1,Cloudy,Main Road,14.950997286363982,LOW,16.35326900348958
19,0,Rain,Residential,27.591891166239904,HIGH,53.081901110100254
5,6,Rain,Residential,18.66017761366566,LOW,21.63464908846135
6,3,Sunny,Main Road,13.101869503356035,MEDIUM,16.693528070020683
23,0,Sunny,Highway,22.655667746327524,LOW,26.382363810792693
23,6,Rain,Residential,28.743847228567986,HIGH,43.79215273139704
21,6,Sunny,Highway,26.720463436955097,LOW,24.498466719465508
14,2,Rain,Highway,7.938849460061996,LOW,9.130195835928655
14,3,Cloudy,Residential,25.186364093003895,MEDIUM,34.863487594432456
14,3,Cloudy,Highway,20.030414164085332,LOW,22.519975196256198
6,0,Sunny,Highway,6.376598450034274,LOW,6.656413975952268
18,6,Rain,Main Road,13.277777195048461,HIGH,22.59313470855417
21,5,Rain,Residential,19.30706470968343,MEDIUM,26.2094572213525
9,2,Cloudy,Main Road,25.50661855706324,HIGH,44.009576430558695
3,5,Cloudy,Main Road,18.176318335115518,LOW,17.869240315442692
20,4,Sunny,Main Road,23.101853446784293,HIGH,41.75312054440434
13,4,Cloudy,Main Road,18.134780633289864,MEDIUM,24.698364312911778
16,5,Rain,Main Road,17.312611342962896,MEDIUM,23.123182178031158
0,3,Rain,Highway,23.436709390593652,LOW,24.098788758006517
11,4,Rain,Highway,5.282431699450744,LOW,6.20149099785358
16,4,Cloudy,Highway,7.84591907371502,LOW,9.153254190697577
5,1,Cloudy,Main Road,28.05699413129556,LOW,28.64412275724914
4,5,Cloudy,Residential,27.39821503592835,LOW,27.602824059693457
18,5,Rain,Main Road,18.879430207588797,HIGH,31.250430050732767
2,1,Cloudy,Highway,13.478810448873558,LOW,12.787465570904441
5,4,Sunny,Main Road,22.631654601137985,LOW,22.23261465205753
15,1,Cloudy,Main Road,25.7364367229355,MEDIUM,32.1318747777954
1,6,Sunny,Highway,16.094352324678503,LOW,13.256402872762182
15,5,Rain,Main Road,24.388330229993528,MEDIUM,34.5619981507782
4,1,Rain,Highway,16.484210265351123,LOW,19.602810333364097
21,6,Rain,Highway,13.332243834971617,MEDIUM,16.999741056055946
9,5,Sunny,Main Road,10.013887806338378,MEDIUM,14.653295198072215
8,1,Sunny,Main Road,7.861509847502541,HIGH,13.507139412449597
17,2,Rain,Main Road,11.776302520475689,HIGH,22.778371973975247
9,4,Cloudy,Residential,16.09119095853086,HIGH,24.2339713151438
1,0,Cloudy,Main Road,9.47457483125433,LOW,11.216551943359253
19,2,Cloudy,Main Road,25.436049475920782,HIGH,49.252651923628356
14,4,Sunny,Highway,25.32127544327648,LOW,29.356655249332054
21,5,Rain,Main Road,16.76364686930444,HIGH,25.342636467404535
5,5,Rain,Main Road,24.719467658696992,LOW,27.131958045709425
14,6,Sunny,Main Road,24.19853786912103,MEDIUM,29.666248818961904
3,2,Rain,Residential,6.773099748870532,MEDIUM,8.492412097298791
7,4,Sunny,Main Road,14.595411469425994,HIGH,23.08904222866376
13,4,Cloudy,Residential,22.35332892018451,MEDIUM,31.046472402848273
15,0,Rain,Residential,16.57271085779706,HIGH,27.12362655386782
2,4,Sunny,Residential,25.351667999551708,LOW,28.64250211893426
21,0,Sunny,Highway,25.425839748031784,LOW,29.326604542078112
0,6,Sunny,Residential,8.73041079435021,LOW,8.740204268504574
21,2,Cloudy,Residential,24.85866649322291,HIGH,37.35617195087006
11,0,Rain,Highway,20.287268904302575,MEDIUM,26.25658361179447
17,0,Sunny,Residential,19.000756446412446,HIGH,35.360688163237576
0,1,Cloudy,Residential,19.754096864586383,LOW,23.126093838636375
6,5,Sunny,Main Road,8.476721642208627,LOW,9.541528512173645
9,6,Rain,Highway,8.356936203614389,MEDIUM,12.016485261093493
4,0,Sunny,Residential,25.148540365669028,MEDIUM,30.57756687336062
13,4,Sunny,Main Road,17.735372860752918,MEDIUM,22.334564099279316
5,3,Rain,Highway,19.448462519451407,LOW,20.699097274226233
17,4,Cloudy,Highway,29.45583623607923,HIGH,48.03885281836845
22,0,Sunny,Residential,23.282329575420924,MEDIUM,34.60279407056896
14,4,Sunny,Residential,27.247886957613865,MEDIUM,35.17639363808478
21,0,Rain,Residential,18.47993031108719,HIGH,29.669816859405366
0,3,Cloudy,Residential,27.651377035161925,LOW,33.14616770066629
9,2,Sunny,Highway,22.376279071506953,HIGH,33.919283965840606
8,0,Rain,Main Road,19.45352717658118,HIGH,36.63588109971828
0,2,Cloudy,Highway,8.170533386170138,LOW,7.55142360379009
8,6,Cloudy,Highway,23.53572914591979,MEDIUM,32.10035398635749
5,2,Rain,Highway,17.122962843777458,LOW,19.713051531062213
4,4,Sunny,Main Road,23.819032422003442,LOW,25.11825649195006
23,5,Sunny,Highway,19.443934845619108,LOW,22.22470099471266
1,1,Cloudy,Main Road,16.905798558400406,LOW,19.35652646825769
21,5,Cloudy,Main Road,11.56562878659923,MEDIUM,14.322465869630042
10,4,Rain,Highway,7.434108018448974,HIGH,11.958878116167336
20,6,Cloudy,Main Road,11.75815292952355,HIGH,21.494439860334772
7,5,Rain,Residential,24.262432157048153,HIGH,42.00058700936065
0,6,Sunny,Highway,15.281219165343558,LOW,13.281615185110496
8,1,Sunny,Highway,20.48493059201935,MEDIUM,26.46689362361744
6,4,Rain,Highway,22.701877645737554,MEDIUM,30.730021606997806
20,4,Sunny,Highway,22.391340841401927,MEDIUM,33.36920457080978
20,3,Cloudy,Main Road,22.305537295228145,HIGH,41.48285765134349
8,6,Sunny,Main Road,14.714760693284633,HIGH,24.97615275574517
2,3,Sunny,Residential,14.815861131705747,LOW,16.18963266663325
13,1,Rain,Residential,7.656242793911923,MEDIUM,10.415979445642732
23,2,Cloudy,Highway,27.412809822280217,LOW,30.207506002656125
8,1,Rain,Main Road,27.615438586348734,HIGH,51.78376384409657
13,3,Rain,Highway,18.503217925475322,MEDIUM,24.018956812135116
18,4,Cloudy,Main Road,22.045893390258414,HIGH,37.29846967298365
17,6,Cloudy,Highway,26.029539678178605,HIGH,43.03982953922102
21,1,Cloudy,Residential,14.752618129637222,MEDIUM,20.315466903970613
14,5,Sunny,Highway,5.892457215691492,LOW,5.199017822309493
17,5,Cloudy,Main Road,18.348501169114158,HIGH,31.074041659388183
23,0,Cloudy,Highway,10.291954392027797,LOW,12.30016435917674
17,1,Rain,Residential,10.824641496840083,HIGH,18.802766772191617
19,0,Sunny,Residential,21.219660477812912,HIGH,34.641185809005265
3,3,Rain,Highway,25.883803924739823,LOW,29.14657022803891
19,1,Sunny,Highway,15.655286598455739,HIGH,25.90162973415503
10,0,Rain,Residential,18.64711991275277,HIGH,32.80315313906297
5,2,Sunny,Highway,11.847333934388459,LOW,10.903979868250987
5,3,Sunny,Residential,6.017472359048366,LOW,6.673765827328098
5,0,Cloudy,Highway,5.158739463840424,LOW,4.631159951509423
13,5,Cloudy,Residential,8.17231048013274,LOW,9.608725219609974
22,0,Rain,Highway,22.929968889781765,LOW,27.37544605079101
13,0,Rain,Highway,9.797571546865221,HIGH,14.847716756036275
17,4,Sunny,Main Road,24.25828207777147,HIGH,40.948915502270445
4,5,Cloudy,Main Road,9.40809543426327,LOW,9.93831000979081
10,4,Cloudy,Highway,7.610527489411996,MEDIUM,9.538874597151283
16,0,Sunny,Highway,23.03507701397331,LOW,25.08033830243249
21,2,Sunny,Highway,13.153305617679294,LOW,14.019318774512456
12,1,Sunny,Main Road,19.627306439803487,LOW,22.917390898527422
19,3,Sunny,Main Road,14.337127047852539,HIGH,23.357236392960143
8,1,Cloudy,Highway,5.802364888081425,HIGH,8.724128991318857
13,1,Cloudy,Highway,27.16022429897664,LOW,32.29715055224254
5,4,Rain,Highway,7.16185830751362,LOW,7.956670018560909
14,2,Sunny,Residential,15.702759164605075,MEDIUM,21.14783524635554
7,4,Sunny,Residential,27.456294857911313,HIGH,45.26819062239675
23,6,Rain,Highway,15.642441088542661,MEDIUM,18.95919192591374
2,4,Sunny,Residential,23.29465709749946,LOW,25.722973049479418
20,0,Sunny,Main Road,21.725890208936594,HIGH,34.145134526962494
18,0,Cloudy,Main Road,24.29587519515751,HIGH,46.11525070495473
14,5,Rain,Highway,26.509566274900923,LOW,28.581509320600528
8,5,Rain,Residential,19.380734189316396,HIGH,32.79539410656587
16,5,Cloudy,Highway,7.7741635931571915,LOW,8.023936964453219
2,4,Rain,Highway,8.460145179415422,LOW,9.229707078299857
18,6,Rain,Highway,23.829337459992004,HIGH,43.193953694027165
1,0,Cloudy,Main Road,16.310266235140507,LOW,18.439726535870882
17,2,Cloudy,Residential,14.203646294754716,HIGH,28.444501930964293
6,3,Sunny,Highway,14.76706257051711,LOW,14.551178127744215
5,2,Sunny,Residential,8.698851074339585,LOW,9.442044404210078
0,2,Cloudy,Residential,18.535873951711032,LOW,20.70385783625992
9,1,Sunny,Highway,26.79484251923656,MEDIUM,35.216512486113785
13,4,Cloudy,Residential,21.151280661453374,MEDIUM,30.060620756249705
14,3,Cloudy,Residential,8.29885629905051,MEDIUM,11.390521369132305
9,6,Sunny,Highway,13.828022383969655,MEDIUM,18.63294113609228
9,1,Sunny,Residential,22.321481724215886,HIGH,36.55833264133048
1,2,Rain,Highway,16.022215943859365,LOW,16.288039219445828
11,1,Cloudy,Main Road,18.496664906938683,MEDIUM,23.899106553701976
15,6,Sunny,Main Road,28.195282243232786,LOW,30.501894705924276
20,5,Cloudy,Main Road,27.39943636391818,HIGH,52.45465254756781
23,3,Cloudy,Residential,7.807890573822059,MEDIUM,10.227316725110489
0,3,Rain,Highway,16.149317278972557,LOW,15.30764247480202
7,6,Cloudy,Highway,5.56371615893944,MEDIUM,7.947354072217853
6,3,Cloudy,Residential,20.126945546186683,MEDIUM,28.197871368555624
13,2,Cloudy,Main Road,5.304769777627728,MEDIUM,6.857062971288518
6,5,Cloudy,Residential,29.814929145501882,MEDIUM,41.63203299015354
13,1,Rain,Residential,7.151949357919261,HIGH,11.34630666347249
2,4,Cloudy,Highway,5.165471697125702,LOW,4.910797745946913
18,6,Sunny,Highway,9.650160452776351,MEDIUM,13.903255860686208
18,2,Cloudy,Residential,23.496400576727805,HIGH,38.51667017914059
20,6,Rain,Main Road,8.10442310828957,HIGH,15.326602928914273
0,0,Cloudy,Main Road,29.858323851716765,LOW,32.48391865463893
8,5,Rain,Main Road,29.35646870997643,HIGH,52.66940527702814
18,0,Sunny,Main Road,16.526099197253075,HIGH,27.83364731339378
11,3,Rain,Main Road,6.217872517156637,MEDIUM,8.61461952078326
20,1,Sunny,Residential,23.815712661880237,HIGH,44.385623978567764
21,6,Cloudy,Main Road,22.13609298653295,MEDIUM,28.023833591259606
16,2,Cloudy,Main Road,15.299862612097165,MEDIUM,20.50424374990397
6,6,Rain,Residential,22.241320727656813,HIGH,34.852722960221776
13,3,Sunny,Highway,25.471118601268557,LOW,29.10311192358046
11,1,Cloudy,Residential,18.07802773333891,MEDIUM,26.044950261069285
3,1,Sunny,Residential,8.558983409413539,LOW,8.569907052180334
2,3,Rain,Highway,6.9433824380499125,LOW,7.953949709196819
21,4,Rain,Highway,16.727058537103645,MEDIUM,20.359764997258733
3,6,Sunny,Residential,10.13502966381666,LOW,10.447517633244086
23,2,Rain,Main Road,13.805081836983064,HIGH,22.039953429595332
2,0,Rain,Highway,18.220968510396418,MEDIUM,22.797269794821503
0,5,Sunny,Highway,28.011929449475417,LOW,23.06042010239282
21,0,Sunny,Main Road,29.532528106051508,MEDIUM,37.01450938112478
10,0,Cloudy,Highway,17.99318953154839,HIGH,27.140316685739087
2,2,Cloudy,Highway,14.61952792175327,LOW,14.130236857877385
7,4,Cloudy,Main Road,29.624058204771142,HIGH,51.336667154632096
21,2,Sunny,Highway,29.968083142146263,LOW,33.3113392354566
21,5,Sunny,Highway,8.584189041482555,LOW,8.91303797671898
5,0,Cloudy,Highway,13.465791158427201,LOW,13.84725655129872
23,3,Cloudy,Residential,24.14930410346363,MEDIUM,36.17821249428131
11,3,Rain,Residential,28.753470444016827,HIGH,44.799300209249225
3,2,Cloudy,Main Road,10.770544824818337,LOW,12.891516210764042
15,5,Sunny,Highway,14.565824569125459,LOW,14.753742880536706
2,5,Rain,Main Road,24.818285380680454,LOW,26.439280794861794
17,4,Sunny,Highway,29.76778913855672,HIGH,50.23709400794207
12,3,Cloudy,Highway,5.821494902832279,MEDIUM,7.0701462430189554
15,3,Sunny,Main Road,22.89307974075535,MEDIUM,28.745820556471756
21,4,Rain,Residential,19.30525583584204,HIGH,30.417821882148587
15,4,Cloudy,Residential,21.91219459339301,MEDIUM,30.0299136918476
4,6,Cloudy,Main Road,25.23883568906358,LOW,24.784943604275355
11,3,Cloudy,Highway,21.531000145567372,LOW,25.023679870788502
2,6,Cloudy,Highway,13.439856426749238,LOW,11.501616772415568
13,2,Sunny,Residential,16.74249753132262,MEDIUM,20.822233501701984
10,4,Sunny,Main Road,7.501417080101362,HIGH,12.408087081127446
21,2,Sunny,Residential,12.488022439802865,MEDIUM,17.284498906126682
2,6,Rain,Highway,12.183888976491072,LOW,10.922241611094313
2,5,Rain,Highway,19.796616386033232,LOW,18.734433541043476
2,5,Cloudy,Residential,25.103167798353176,LOW,25.930013298051417
14,5,Rain,Highway,27.022414210923632,LOW,31.71008222131488
23,3,Cloudy,Residential,18.317983375663584,MEDIUM,25.84576545960052
20,0,Rain,Highway,14.106866728977614,MEDIUM,20.805789285357662
13,3,Cloudy,Highway,20.848187208838393,LOW,24.139655920698857
21,4,Sunny,Main Road,10.962085558764372,MEDIUM,13.266046037610554
9,3,Cloudy,Residential,29.782327643806656,HIGH,48.41237006724085
0,2,Cloudy,Residential,18.767652805146803,MEDIUM,22.618345792661074
1,6,Sunny,Main Road,20.03999350554853,LOW,18.87097702913001
21,0,Cloudy,Residential,26.068756681039957,MEDIUM,33.59916856966623
21,6,Rain,Residential,11.295201461101154,MEDIUM,16.253891737028848
18,5,Cloudy,Residential,23.59897435380855,HIGH,42.67886844873916
13,2,Rain,Highway,17.258964503830292,MEDIUM,23.63795215653013
21,1,Cloudy,Highway,14.074950306717636,MEDIUM,18.055199184190233
19,0,Rain,Residential,24.97353303075736,HIGH,45.608309310239605
12,2,Rain,Residential,14.071377460501544,HIGH,22.34209524622269
12,0,Cloudy,Main Road,12.522203790070547,MEDIUM,17.97426083026882
5,3,Rain,Main Road,26.98668118794407,MEDIUM,34.31639717073681
15,3,Rain,Main Road,28.16243049524044,MEDIUM,39.91306664819446
5,5,Cloudy,Residential,6.659180848273698,LOW,6.878260994557878
1,5,Rain,Highway,20.753908537962467,LOW,20.97895202675718
2,0,Sunny,Highway,17.909147276275593,LOW,16.9987666307584
19,5,Cloudy,Main Road,16.28724747865749,HIGH,29.223921969242344
9,1,Sunny,Main Road,14.18998907914185,HIGH,22.659169525061422
18,1,Sunny,Highway,28.077808797085652,HIGH,46.09510094000163
14,1,Cloudy,Residential,26.295771779260775,MEDIUM,33.60934200241881
11,1,Rain,Highway,5.35287266943295,MEDIUM,7.3917388236235135
15,0,Sunny,Residential,10.0786340964109,MEDIUM,14.009038674740308
23,3,Cloudy,Highway,15.782714720133269,LOW,17.31426749792505
6,3,Sunny,Main Road,24.811588366691556,MEDIUM,30.240698058838582
14,1,Cloudy,Residential,22.106677153564164,MEDIUM,28.288570870674114
22,3,Rain,Highway,22.833398726488547,MEDIUM,30.468748789028744
1,0,Cloudy,Highway,16.773310584617136,LOW,15.817662693998653
22,5,Sunny,Highway,11.341422070663793,LOW,11.675977895278685
17,0,Rain,Highway,11.507291303922699,HIGH,19.88054625621079
10,5,Rain,Main Road,8.544893350527808,HIGH,13.732728761726513
23,2,Cloudy,Main Road,27.56981690915979,MEDIUM,37.33571006426476
13,1,Cloudy,Residential,29.864126647128682,MEDIUM,43.34553145466251
14,0,Sunny,Highway,6.36417918463434,LOW,6.48190949568437
14,3,Sunny,Main Road,6.01979271350795,MEDIUM,7.660154840791695
15,0,Rain,Highway,8.091355850846375,MEDIUM,10.393888310408173
16,6,Cloudy,Residential,27.272363056081844,MEDIUM,35.990575533784636
13,0,Sunny,Main Road,21.922712902409064,MEDIUM,28.697110147143302
21,0,Cloudy,Main Road,19.758462445651823,MEDIUM,26.0918000070488
22,5,Cloudy,Main Road,20.708918488621997,LOW,23.451545265848612
14,2,Rain,Residential,27.67195916872523,HIGH,43.6646356947493
9,2,Sunny,Residential,6.768102226249169,HIGH,12.185985309374528
5,1,Cloudy,Highway,5.512800896977228,LOW,5.024341290382877
20,1,Sunny,Main Road,17.271127440240313,HIGH,28.86399091960666
21,4,Sunny,Main Road,21.638007405421043,MEDIUM,28.663807655849318
12,3,Cloudy,Residential,20.008518737381433,MEDIUM,25.112091116535698
20,3,Sunny,Highway,17.833536479947128,HIGH,30.863815161020256
22,1,Cloudy,Residential,20.738989533339698,MEDIUM,29.350953214149413
15,2,Sunny,Highway,22.107848432455885,LOW,23.761618544302728
18,0,Rain,Highway,27.93255031948814,HIGH,48.34304734058062
23,4,Cloudy,Main Road,11.371505108767725,MEDIUM,14.142066271916823
5,6,Sunny,Main Road,6.131467909233749,LOW,5.710358131928732
21,3,Rain,Main Road,13.533359499037193,HIGH,20.36189565347372
19,2,Rain,Highway,15.844973015482722,HIGH,24.708820029121615
14,5,Cloudy,Residential,29.145095188961704,MEDIUM,38.68619497002271
21,5,Rain,Main Road,25.116018374014022,MEDIUM,33.78746085156841
6,6,Sunny,Highway,17.027929844078272,LOW,16.852802328702893
17,1,Sunny,Main Road,24.24302866001158,MEDIUM,36.169375078295396
4,5,Rain,Main Road,29.09667176847287,LOW,32.45645020183769
12,0,Cloudy,Highway,7.566588042380263,MEDIUM,9.093153402934046
18,4,Rain,Residential,29.97565919361534,HIGH,53.515482406377146
21,6,Cloudy,Highway,22.857258219403153,LOW,25.485158372601926
13,3,Sunny,Main Road,20.567417245165345,MEDIUM,26.398731722574293
5,2,Rain,Highway,16.73101092574138,LOW,18.31371479102826
19,6,Rain,Residential,16.711682031146914,HIGH,34.03828446243425
20,5,Cloudy,Main Road,24.993876474153556,HIGH,45.422933802165794
4,1,Sunny,Highway,20.143725181405568,LOW,17.96760288110859
9,1,Sunny,Residential,6.1762334032470765,MEDIUM,9.103558087811262
5,1,Rain,Highway,25.170388568875488,LOW,25.3767349163041
15,2,Cloudy,Main Road,24.234347538403487,MEDIUM,35.342094392144645
16,4,Rain,Highway,22.660122932944823,MEDIUM,31.722936488401675
3,0,Rain,Residential,24.553906444159782,MEDIUM,32.608789607815176
20,0,Sunny,Main Road,8.92581368393251,HIGH,14.387973683366374
23,6,Sunny,Highway,21.177324273388255,LOW,20.921747968683864
13,6,Sunny,Highway,25.870334246967957,LOW,26.119233465349055
22,6,Cloudy,Main Road,20.736010049468884,LOW,23.822496011296586
13,3,Cloudy,Main Road,28.796013528926384,MEDIUM,39.588454895844706
0,5,Rain,Highway,7.119455363285471,LOW,6.349892624145851
21,5,Sunny,Residential,6.445245738650295,MEDIUM,8.004297547784374
9,3,Cloudy,Residential,22.519759862424884,HIGH,40.881076826846105
8,4,Rain,Highway,22.507376597065118,HIGH,35.713612358875245
20,3,Rain,Main Road,27.191872412679917,HIGH,52.325088685537246
1,4,Cloudy,Main Road,23.12746705839048,LOW,26.373974134771785
2,4,Rain,Main Road,18.03339662788601,MEDIUM,21.829597635978118
18,2,Sunny,Main Road,23.162731159989885,HIGH,41.09438309220325
11,2,Rain,Residential,13.861833647603731,MEDIUM,19.691223242524774
23,0,Cloudy,Main Road,29.57376406269098,MEDIUM,43.24216114678176
20,5,Rain,Residential,10.845947442639085,HIGH,19.06324415520845
12,4,Rain,Highway,7.63067303744088,MEDIUM,9.320446687319695
4,5,Cloudy,Main Road,7.048679085867219,LOW,6.343008330141255
16,3,Rain,Residential,17.973624985446172,MEDIUM,26.0733384825273
14,5,Cloudy,Residential,29.331812079422612,MEDIUM,38.35294641674039
22,4,Rain,Highway,22.361767629653688,MEDIUM,27.37478093292973
3,4,Cloudy,Highway,8.021660702225931,LOW,7.390891096384622
11,2,Cloudy,Main Road,5.699444635064098,MEDIUM,7.6177316728093505
9,2,Sunny,Highway,25.478126730706602,MEDIUM,36.11818940264971
1,3,Cloudy,Residential,12.742546976686263,LOW,14.91075873125916
19,1,Sunny,Residential,20.91150657477531,HIGH,37.75999972669745
23,2,Sunny,Residential,21.612557810468502,MEDIUM,27.47578257607063
17,0,Rain,Main Road,23.397819861280748,HIGH,47.13254396506645
22,2,Rain,Residential,8.094540283812988,MEDIUM,12.106728949132687
1,4,Rain,Highway,23.763964339315088,LOW,23.389981229310962
0,2,Sunny,Highway,25.742263776365238,LOW,22.74096731660614
17,4,Cloudy,Main Road,19.72232566121661,HIGH,33.53768324346239
0,6,Rain,Main Road,14.550274583916698,LOW,14.790658007232773
2,1,Cloudy,Main Road,21.965214194579247,LOW,23.62009295273213
9,3,Sunny,Main Road,8.561513761584237,HIGH,15.49225713924856
3,0,Sunny,Highway,23.803343474307024,LOW,21.85814482387454
12,0,Cloudy,Highway,12.958411139403196,LOW,15.172749191426226
0,2,Rain,Residential,21.877435725463442,MEDIUM,28.292968961558
13,3,Sunny,Residential,17.510809340226817,MEDIUM,23.412900783167135
5,6,Sunny,Residential,28.81531566823878,LOW,30.133014970145123
19,2,Rain,Highway,5.0135732926754315,HIGH,9.797063464358391
12,2,Rain,Highway,19.628979161509164,MEDIUM,23.677428027571658
9,0,Cloudy,Residential,8.074424123484288,HIGH,12.327513853601156
19,4,Cloudy,Residential,28.635211650772998,HIGH,53.27329335925498
21,2,Cloudy,Highway,16.494983538797623,LOW,18.850153711684595
0,4,Cloudy,Highway,27.536124849613497,LOW,26.150322061349094
12,4,Sunny,Residential,21.281661778227075,MEDIUM,30.078566469084457
14,5,Sunny,Main Road,29.30097569018253,LOW,34.38450590020776
22,0,Sunny,Main Road,14.262016031192214,MEDIUM,17.23669044327798
8,5,Rain,Main Road,9.78779190964373,HIGH,18.954079547913977
11,0,Cloudy,Main Road,27.612689752885643,MEDIUM,37.282885703341606
12,0,Cloudy,Residential,17.508140968906005,MEDIUM,23.70597371950647
19,4,Sunny,Highway,19.704114595101473,HIGH,33.757280516341524
7,4,Rain,Main Road,9.79628869288921,HIGH,19.547828063114764
8,5,Rain,Main Road,5.048874120766365,HIGH,8.525037353196861
13,2,Sunny,Residential,17.957381730263442,MEDIUM,22.725470417152028
23,1,Sunny,Main Road,27.95978729055488,MEDIUM,34.889449773507
10,0,Rain,Highway,29.7566161188193,HIGH,47.43454059484115
6,1,Cloudy,Main Road,6.571103115751349,MEDIUM,8.19004062907504
20,2,Cloudy,Highway,7.696016332800783,MEDIUM,11.22379449425125
7,0,Rain,Residential,15.963237055409433,HIGH,27.42270811618073
1,3,Cloudy,Residential,6.625705469892591,LOW,7.368560586004866
20,3,Sunny,Highway,21.93911143686435,HIGH,33.79669212197001
3,4,Cloudy,Highway,26.614568605940015,LOW,25.96948519821992
13,4,Rain,Highway,13.490411872215834,MEDIUM,18.887191332798523
6,0,Sunny,Highway,19.879377691689765,LOW,19.668443289100768
18,1,Rain,Residential,11.407152555024476,HIGH,21.759194752650096
1,0,Sunny,Main Road,19.613057381631457,LOW,20.817852110409973
18,4,Sunny,Highway,16.738093999898883,HIGH,27.633420400658007
16,4,Rain,Residential,8.615009609110214,MEDIUM,12.802885722887059
11,1,Sunny,Residential,27.71250546002038,MEDIUM,38.09467768557588
22,5,Cloudy,Residential,22.31034597962078,MEDIUM,28.315489583515216
3,3,Sunny,Main Road,10.485147036603388,LOW,9.924282529448908
19,1,Sunny,Main Road,23.364654438262505,HIGH,44.60178087327434
6,3,Sunny,Highway,14.070428648943471,LOW,14.334753430689695
9,3,Sunny,Residential,19.642159810794286,HIGH,32.01969475497926
6,2,Sunny,Highway,27.134555738791608,LOW,31.124766521076047
5,1,Sunny,Highway,26.072035517876706,LOW,25.426287855851843
12,5,Sunny,Main Road,28.402852604209887,MEDIUM,34.709622105532155
16,6,Rain,Main Road,26.959695911210428,MEDIUM,38.139329413415844
12,5,Cloudy,Main Road,19.98872906519848,MEDIUM,25.302712899464858
17,2,Sunny,Main Road,11.179291206087726,HIGH,18.615488762168287
16,4,Cloudy,Highway,23.18246358659262,LOW,26.992744459238853
12,6,Rain,Residential,14.356652293091225,HIGH,21.570370271734525
15,3,Cloudy,Residential,15.023651763443944,MEDIUM,20.397588800213903
6,3,Sunny,Main Road,10.46484315879625,MEDIUM,12.64741999234173
11,2,Rain,Highway,8.358257888187236,MEDIUM,10.400070459692092
14,4,Rain,Main Road,15.652558589568583,MEDIUM,22.7783739911534
12,0,Sunny,Main Road,10.844759990577561,MEDIUM,13.329823955937732
16,4,Rain,Residential,6.953975257626417,MEDIUM,9.591755729851052
17,1,Cloudy,Highway,21.87768312715763,HIGH,33.41370775206869
6,5,Rain,Highway,29.960127445869,MEDIUM,38.7815049845517
11,6,Cloudy,Main Road,25.54653290285799,MEDIUM,36.59638678346014
12,1,Sunny,Residential,23.728426882973874,MEDIUM,32.284316745623094
14,5,Cloudy,Main Road,24.797872209153297,MEDIUM,30.43851743035697
14,6,Rain,Highway,14.367504183007444,MEDIUM,20.17563161732291
11,2,Sunny,Main Road,15.642983705878779,MEDIUM,21.347853466806612
9,2,Rain,Highway,19.18943568791408,MEDIUM,27.02199193188471
18,5,Rain,Residential,19.346968357813495,HIGH,35.65954769837486
15,0,Cloudy,Residential,29.04845365351724,MEDIUM,39.93881698346624
5,0,Rain,Residential,17.21533306442918,MEDIUM,20.7609007998185
7,2,Rain,Residential,6.749485815812587,HIGH,11.494383781159597
13,3,Sunny,Highway,8.22844172575567,LOW,8.752304357982586
6,1,Sunny,Main Road,15.80501690840276,MEDIUM,20.82234667360638
9,4,Sunny,Residential,22.919301182932394,HIGH,38.56197091426586
14,0,Cloudy,Residential,25.18914581217619,MEDIUM,36.16366295228342
18,0,Rain,Highway,12.197794624846265,HIGH,23.15118152408595
9,3,Rain,Highway,15.376318963083403,HIGH,23.159815625083947
21,1,Rain,Residential,7.388354277899731,MEDIUM,10.718302855765465
20,4,Cloudy,Residential,27.907408339296254,HIGH,51.99355416806039
17,0,Cloudy,Highway,23.88492165230672,HIGH,36.88940795142285
6,4,Sunny,Main Road,5.667946985586637,MEDIUM,7.4158777726886775
10,5,Cloudy,Highway,14.916858195844041,MEDIUM,19.132678001054185
15,3,Sunny,Highway,18.71071350891564,LOW,18.738243279548843
8,6,Sunny,Highway,25.96239626744131,MEDIUM,37.72653361255286
5,0,Rain,Highway,21.934578544134695,LOW,21.52414443333722
21,4,Sunny,Main Road,22.41855909074769,MEDIUM,30.842477021790437
22,5,Sunny,Main Road,22.258667817027167,LOW,24.440344146883994
6,1,Cloudy,Highway,9.999642277394686,LOW,11.07718650229867
21,5,Sunny,Highway,28.968631379732127,LOW,26.589063681254455
1,3,Rain,Highway,25.39060840888721,LOW,28.688241543912284
12,3,Sunny,Highway,10.344499667340017,LOW,11.214384676034719
10,0,Cloudy,Highway,16.469398293662106,MEDIUM,21.337980670697906
2,1,Cloudy,Main Road,24.188628271011467,LOW,28.891748913631314
18,1,Cloudy,Highway,19.996678628838488,HIGH,37.07545101524881
22,1,Cloudy,Highway,20.883836292050084,LOW,24.580032311107452
10,0,Rain,Residential,16.222789135271945,HIGH,31.505605975415566
0,1,Sunny,Residential,23.973525780584556,LOW,24.719118913658033
7,4,Sunny,Highway,8.438887069844384,MEDIUM,11.995922582046806
20,0,Sunny,Residential,19.951879715277137,HIGH,38.28429908638716
8,2,Rain,Highway,18.021821489889128,HIGH,31.85899122939396
23,2,Cloudy,Highway,10.14543588074143,LOW,11.326596979417204
22,5,Sunny,Residential,26.817644570299592,MEDIUM,32.64852437323609
15,0,Sunny,Highway,20.859173981847718,LOW,21.228458644471633
18,4,Sunny,Highway,17.685613721267227,MEDIUM,25.58864265388353
6,1,Cloudy,Highway,20.14628087151226,LOW,21.531711299968304
15,0,Cloudy,Main Road,14.442937219099335,MEDIUM,19.036876163751547
4,6,Cloudy,Highway,24.048232469972092,LOW,21.780405508629926
17,5,Sunny,Main Road,14.511255931789284,HIGH,22.45270005591987
10,1,Rain,Main Road,9.892893723160856,HIGH,19.264471699683952
11,3,Cloudy,Main Road,28.507124631600394,MEDIUM,40.0947005865867
18,0,Cloudy,Highway,29.811811730564244,HIGH,44.902292737746265
8,6,Rain,Main Road,17.74020908570447,HIGH,32.017726661922374
23,1,Sunny,Main Road,5.862689301645111,MEDIUM,7.965156289872806
22,5,Rain,Highway,11.533267461775917,LOW,13.512454900662322
5,0,Sunny,Highway,21.109934768007967,LOW,20.017345873052648
2,4,Sunny,Main Road,9.145590184209786,LOW,9.790148452452234
17,5,Cloudy,Residential,12.699471662553666,HIGH,20.590069066201142
11,6,Sunny,Main Road,23.718251811252077,MEDIUM,30.607094384721943
15,0,Sunny,Highway,24.343590866088253,LOW,26.016582200374195
13,1,Sunny,Main Road,9.660000969478336,MEDIUM,11.776656899029083
3,3,Rain,Highway,9.640951045032748,LOW,8.99180254228915
13,3,Rain,Residential,7.729886186935376,MEDIUM,10.564455416741016
2,2,Sunny,Residential,10.869503222014217,LOW,11.724293525497544
8,6,Sunny,Residential,19.561136213914892,HIGH,33.24444652406697
19,4,Cloudy,Main Road,16.83079457970553,HIGH,29.16308381888836
10,6,Sunny,Main Road,21.626957133127625,MEDIUM,31.491218948573774
3,0,Cloudy,Residential,15.04520891704041,LOW,17.059547059379838
16,2,Rain,Highway,14.21074737830424,MEDIUM,19.028665692679102
6,0,Rain,Main Road,5.415757602784278,MEDIUM,7.417512507164794
14,1,Rain,Main Road,15.004129770995048,MEDIUM,21.92708310199511
15,5,Rain,Highway,23.35694357470768,LOW,26.51725632364959
22,4,Sunny,Highway,17.448126412335924,LOW,18.706845003132244
14,1,Cloudy,Highway,17.054213632390294,MEDIUM,20.61143215582217
22,0,Sunny,Main Road,29.834036774144536,MEDIUM,36.565888578164916
12,6,Cloudy,Highway,22.979374575918268,LOW,24.71007856860904
20,5,Cloudy,Highway,24.888511615206404,MEDIUM,33.781859308956925
10,3,Rain,Residential,23.40006219689326,HIGH,44.523377418097034
7,1,Cloudy,Highway,12.274412566363875,MEDIUM,15.522842253751662
3,4,Cloudy,Highway,26.333257726090455,LOW,25.65845611494203
17,1,Cloudy,Main Road,12.991074728086758,HIGH,22.602571709806885
19,4,Sunny,Highway,14.882809595985062,MEDIUM,22.138026005676327
9,6,Sunny,Main Road,21.999523054023186,MEDIUM,31.99612885350313
22,0,Rain,Main Road,12.722285669739914,HIGH,19.775263635598034
15,5,Sunny,Main Road,12.287377622749744,MEDIUM,15.657397930011637
22,1,Rain,Highway,22.510185341485883,MEDIUM,29.72173746403808
12,2,Rain,Highway,29.776580374979567,MEDIUM,39.53857805182272
12,3,Sunny,Residential,23.168865010708547,MEDIUM,31.544460240047318
17,3,Sunny,Highway,13.085464640011352,HIGH,20.293497273322952
22,2,Cloudy,Residential,9.092361699260287,MEDIUM,11.50109348946781
6,6,Rain,Highway,23.382972413904593,LOW,27.222833858875045
4,3,Cloudy,Residential,26.041502276104485,LOW,31.113193264541835
1,0,Rain,Residential,13.462145476302577,MEDIUM,16.451410963229517
3,1,Cloudy,Main Road,12.56724023967685,LOW,14.546327242221695
21,5,Sunny,Main Road,26.622394736520043,MEDIUM,32.45148545301666
3,0,Sunny,Highway,17.230461024010427,LOW,14.84598309964167
18,4,Cloudy,Main Road,22.34314630652951,HIGH,37.109112317264575
22,3,Cloudy,Residential,8.130910936638944,MEDIUM,11.4082770399796
12,6,Rain,Highway,14.844913623493193,MEDIUM,19.137140803422795
17,5,Rain,Highway,23.837705394809728,MEDIUM,33.96333290278103
0,4,Cloudy,Main Road,8.076132580478333,LOW,8.239993751822588
1,0,Sunny,Residential,12.46444805777811,LOW,14.797476810261207
21,0,Sunny,Main Road,6.154156577999629,MEDIUM,8.331323262230612
17,3,Sunny,Residential,17.26107062680674,HIGH,31.0960894589207
19,4,Rain,Highway,22.19825772550127,HIGH,36.85902362424149
6,1,Rain,Residential,10.400999186892648,MEDIUM,14.357758690973561
8,2,Cloudy,Residential,27.59149833830434,HIGH,44.102635948537646
22,1,Rain,Highway,6.763951150620019,MEDIUM,9.336680848447592
11,4,Rain,Residential,25.51270520527427,HIGH,39.886676206599944
13,3,Sunny,Residential,11.187442145780583,MEDIUM,14.739081004060633
13,0,Cloudy,Residential,7.2243539547211455,MEDIUM,10.547306901184603
8,0,Sunny,Main Road,29.48713033809764,HIGH,46.51423163643221
3,1,Rain,Residential,26.887798105655154,MEDIUM,35.526895922319696
18,6,Cloudy,Residential,11.776349173386942,HIGH,18.23018459963536
23,5,Rain,Residential,19.865424462039236,MEDIUM,26.978483552569138
4,5,Sunny,Highway,14.47001661501094,LOW,12.883125879421826
22,6,Sunny,Residential,20.217574763715962,MEDIUM,27.823781189253495
16,2,Cloudy,Main Road,18.014866587086956,MEDIUM,24.76086320071584
2,2,Cloudy,Main Road,26.131140196722107,LOW,26.943598405004003
18,0,Sunny,Residential,12.146271607682063,HIGH,22.55714585934311
13,5,Rain,Residential,8.410709552402782,MEDIUM,11.695356697255884
0,4,Sunny,Residential,5.182256421849145,LOW,5.634760599597279
23,5,Rain,Residential,20.229840212009094,MEDIUM,29.761946296409207
7,1,Sunny,Main Road,25.98522337774165,HIGH,42.56290583502787
12,1,Cloudy,Highway,13.448964900159309,MEDIUM,16.426802115707098
9,2,Cloudy,Main Road,11.618769692828122,HIGH,17.53725908262348
20,4,Sunny,Main Road,27.312347705987968,HIGH,46.60560910482968
14,2,Cloudy,Main Road,7.679101378685683,MEDIUM,9.53643133500904
13,3,Sunny,Highway,18.22741406305108,MEDIUM,22.097757158636593
0,1,Rain,Main Road,10.652380822356543,LOW,12.377978915323379
8,0,Cloudy,Residential,25.98393653321205,HIGH,39.69162690786279
22,1,Sunny,Highway,12.122494101572094,LOW,12.501850231743084
1,1,Rain,Highway,28.709395989644335,MEDIUM,36.01413188882073
15,6,Rain,Residential,8.185849697308186,MEDIUM,12.049320218796668
12,1,Sunny,Highway,24.817823920613563,LOW,24.83178050858875
21,1,Sunny,Residential,25.745894004058275,MEDIUM,32.41443250376395
15,2,Cloudy,Main Road,7.065372422505149,MEDIUM,9.200727872211951
8,6,Sunny,Main Road,29.85642651113789,MEDIUM,40.7337238869363
3,5,Rain,Residential,20.277511101437405,LOW,22.001152592867253
12,0,Cloudy,Highway,28.227458288186998,LOW,31.445691888988122
13,4,Cloudy,Residential,20.832749377959285,MEDIUM,27.584833357059157
20,0,Cloudy,Highway,11.731152229677168,MEDIUM,17.076729862414048
1,1,Sunny,Highway,6.303265925577049,LOW,5.837936952278772
19,0,Cloudy,Highway,11.30657616040263,HIGH,18.17764535147302
21,4,Sunny,Main Road,14.01421769359933,MEDIUM,19.028002066806618
19,2,Sunny,Residential,11.898673662922029,HIGH,19.916773460911777
20,5,Rain,Highway,6.025973369658262,HIGH,11.104156444007447
3,0,Rain,Residential,13.57244921875678,MEDIUM,19.49265380627863
1,1,Sunny,Main Road,18.762392049953924,LOW,20.74666847560585
17,2,Cloudy,Main Road,20.74661596069594,HIGH,33.095060660836936
16,6,Sunny,Highway,19.97884155700889,LOW,21.907777393502506
22,1,Rain,Main Road,17.375647515932894,MEDIUM,24.866313962079992
16,3,Rain,Main Road,15.021223986003244,MEDIUM,19.612072130113944
22,0,Rain,Main Road,17.595444118185718,MEDIUM,25.771266017631806
8,4,Sunny,Highway,10.598236256393129,MEDIUM,15.569467205255954
8,1,Cloudy,Highway,21.060328107331628,MEDIUM,27.859846856790654
11,5,Rain,Main Road,13.114046805211556,MEDIUM,17.996459794566597
9,2,Sunny,Residential,25.39805390134606,HIGH,46.55425933406403
5,2,Sunny,Residential,21.432939838387515,MEDIUM,25.891735315570887
23,5,Rain,Main Road,28.641407611560954,MEDIUM,37.51583671492093
10,2,Sunny,Residential,20.74501652414593,HIGH,36.78542703775585
23,5,Cloudy,Main Road,8.708354738013472,MEDIUM,10.5444878582171
18,3,Rain,Highway,21.189106792592302,MEDIUM,31.072442654325986
19,1,Sunny,Highway,6.801217240541248,MEDIUM,9.988426531133774
3,5,Rain,Highway,23.169115623541956,LOW,24.192958104235323
20,0,Sunny,Highway,24.25294065542436,MEDIUM,34.54062178789317
0,6,Sunny,Residential,23.403287756863115,LOW,21.958209311649785
18,3,Sunny,Main Road,13.29390799233846,HIGH,20.559468402867456
20,4,Sunny,Highway,25.623122536488967,MEDIUM,35.30553095170361
13,1,Sunny,Highway,5.60002174725293,LOW,6.293840432259297
7,5,Cloudy,Residential,27.10559783780038,HIGH,44.48013747917803
9,2,Sunny,Residential,13.34311975508015,HIGH,20.931537328385904
1,4,Sunny,Highway,15.715710098013401,LOW,13.743800440971828
21,5,Cloudy,Residential,25.439063624852437,MEDIUM,35.37852636433717
22,6,Sunny,Highway,26.5428493792368,LOW,27.18539641273233
14,5,Cloudy,Highway,7.829100858018338,LOW,7.567453362370914
12,2,Cloudy,Main Road,15.59580174857537,MEDIUM,21.136180877925156
20,1,Cloudy,Main Road,18.733481522109784,HIGH,32.23923950820167
2,4,Rain,Main Road,18.173648636392585,MEDIUM,23.127698427666235
11,0,Sunny,Highway,14.059961057896626,LOW,15.057723027991356
11,2,Sunny,Main Road,16.509709645833862,MEDIUM,22.912591620988554
13,1,Sunny,Highway,6.396641646883517,LOW,6.67441055508729
12,5,Sunny,Residential,29.122829814387252,LOW,33.51045171239613
19,6,Sunny,Highway,8.672166795515308,MEDIUM,11.928221540132432
13,1,Sunny,Main Road,23.588948462179374,MEDIUM,30.792197935451885
13,5,Cloudy,Main Road,24.53492269755288,MEDIUM,30.241215776744948
5,4,Sunny,Highway,14.909767253823595,LOW,12.666174635240434
22,6,Cloudy,Residential,17.54681093730665,MEDIUM,23.576578327685
4,5,Sunny,Main Road,20.476094010471705,LOW,20.23702790736874
2,6,Rain,Main Road,16.935406609101157,LOW,18.71343405911143
13,1,Cloudy,Highway,7.610001541265952,LOW,8.55586298232913
5,4,Sunny,Highway,10.297748669443791,LOW,8.4797658285206
6,5,Sunny,Highway,11.729200311943767,LOW,12.815910045241028
1,0,Cloudy,Highway,28.587728535496602,LOW,24.852731629133512
6,2,Cloudy,Residential,13.895932319359993,MEDIUM,18.969393663414124
16,0,Rain,Highway,5.592132767136302,MEDIUM,7.047403380785653
5,1,Rain,Main Road,6.968821489290123,MEDIUM,9.064798004909333
21,5,Sunny,Residential,9.026175661648926,MEDIUM,12.056375759985404
10,3,Sunny,Main Road,12.271039739310062,HIGH,19.823964023331232
22,6,Rain,Main Road,10.977765695903567,HIGH,17.70883401770352
3,6,Sunny,Highway,24.157932860861994,LOW,21.34562242058082
15,0,Cloudy,Main Road,9.242940979833895,MEDIUM,11.621803294128672
2,1,Rain,Main Road,11.448602487546076,MEDIUM,14.475426157843605
4,0,Rain,Main Road,5.989816032996793,MEDIUM,8.229934091657883
4,3,Cloudy,Residential,26.120891091345232,MEDIUM,32.01413897395719
8,5,Sunny,Residential,29.435790934388855,MEDIUM,40.386803647961514
4,6,Sunny,Main Road,14.39554221149642,LOW,13.52047020061103
21,0,Cloudy,Main Road,16.712217450604676,MEDIUM,21.19750283255436
3,3,Cloudy,Highway,15.038011768594501,LOW,12.678824932188633
23,3,Sunny,Main Road,16.36446614531471,MEDIUM,20.939788591080752
6,2,Rain,Highway,29.695268571577483,MEDIUM,37.83286955074405
15,1,Sunny,Highway,26.70051504353857,LOW,30.226189267731236
20,1,Sunny,Highway,6.731476238724833,HIGH,10.29162101554933
13,4,Sunny,Residential,27.326834734426292,MEDIUM,35.02435496243171
13,2,Cloudy,Highway,9.965132726221578,MEDIUM,12.435061475522874
22,3,Cloudy,Residential,19.257921723488337,MEDIUM,27.390138986458187
23,5,Rain,Residential,8.615430989066617,HIGH,13.19491900846785
0,1,Cloudy,Highway,17.48614170854936,LOW,15.736268710545595
23,0,Cloudy,Highway,20.85732632304144,MEDIUM,25.616324376337495
6,3,Rain,Residential,24.3596098881403,MEDIUM,34.333143638460754
21,4,Sunny,Main Road,25.344483733883955,MEDIUM,31.486800042390733
3,5,Cloudy,Residential,29.97620423436118,LOW,33.80827235280255
10,0,Sunny,Main Road,15.709590348065175,MEDIUM,23.353518968148002
12,2,Rain,Residential,22.00704590184496,HIGH,37.31198345934607
3,0,Sunny,Highway,21.24061465569334,LOW,19.18160230178236
19,4,Sunny,Residential,16.102583911896033,HIGH,27.362951864680397
13,1,Sunny,Main Road,18.789697807483343,MEDIUM,24.600504773654812
11,6,Cloudy,Main Road,27.699839215803514,MEDIUM,35.77209105073974
16,2,Cloudy,Residential,11.612476763761915,MEDIUM,16.232696419077623
13,0,Sunny,Highway,8.834383709451206,LOW,9.712694520343973
19,2,Cloudy,Highway,28.979014823620663,HIGH,48.676226889725214
20,3,Sunny,Residential,15.727561102969657,HIGH,30.802063975640003
12,2,Rain,Highway,15.935039675043804,MEDIUM,20.987164663575648
12,6,Rain,Main Road,25.933446949889046,LOW,29.916569738407077
18,1,Sunny,Residential,22.68939784610131,HIGH,42.0673417271027
23,5,Sunny,Main Road,20.861578775849523,MEDIUM,25.619820281475747
6,4,Sunny,Residential,24.500723817776404,MEDIUM,34.72149435324563
8,0,Sunny,Residential,5.578520565924526,HIGH,10.08286528083064
19,0,Sunny,Highway,12.061575960739452,HIGH,20.531490493682814
11,6,Sunny,Main Road,7.516792992323069,MEDIUM,9.335929054456228
6,5,Cloudy,Main Road,27.242838016447596,MEDIUM,34.27983010059169
21,4,Rain,Residential,26.370223170416516,MEDIUM,39.321701740990754
19,4,Sunny,Highway,18.043713894057426,MEDIUM,26.362973572373022
17,0,Rain,Residential,24.024024373357374,HIGH,42.338625100203735
4,1,Sunny,Residential,22.290043074609358,LOW,22.539693743755592
2,2,Rain,Residential,21.298113259360356,MEDIUM,30.290638767590707
6,2,Sunny,Highway,22.17643641792904,LOW,25.64735883700829
18,6,Rain,Main Road,9.141327886674464,HIGH,15.149453932178677
8,6,Cloudy,Residential,7.6889777942179975,HIGH,12.807985006087863
14,1,Sunny,Residential,11.326591519055746,MEDIUM,15.536989972759509
16,2,Cloudy,Highway,7.866248819959205,LOW,9.259066184519838
6,5,Cloudy,Main Road,8.625991899429737,MEDIUM,10.718387650696245
18,6,Cloudy,Highway,19.041014586805392,MEDIUM,26.820654421072067
19,6,Rain,Highway,19.348709935818615,HIGH,30.711501828739518
1,6,Cloudy,Main Road,6.169796099934672,LOW,6.402331881939911
7,4,Sunny,Main Road,5.4459074965988465,HIGH,8.907614533000237
14,2,Sunny,Main Road,5.92520488348408,MEDIUM,7.477088666461143
0,0,Cloudy,Highway,25.74625544296825,LOW,23.37231529683842
2,4,Cloudy,Main Road,20.308016174858952,LOW,23.211124762264348
3,6,Cloudy,Residential,7.568590273948046,LOW,8.014748202548844
23,3,Sunny,Highway,7.200418001256823,LOW,8.30458379093664
17,0,Rain,Highway,11.492192276440438,HIGH,19.133238614071846
10,5,Rain,Main Road,11.747801359494185,HIGH,18.979169229381164
18,6,Cloudy,Residential,16.169493509127804,HIGH,26.544388920896477
10,6,Rain,Main Road,10.645762959830344,HIGH,17.097564099806288
21,5,Rain,Highway,22.374126627671853,LOW,23.881490232868124
12,1,Cloudy,Highway,13.511253485206785,LOW,16.071316659854627
9,5,Cloudy,Residential,8.849973128700066,HIGH,14.182638316479624
19,4,Sunny,Main Road,9.698836816221347,HIGH,15.005374496756298
18,5,Sunny,Highway,16.523853033072545,MEDIUM,21.907467684985317
8,0,Cloudy,Residential,18.27213523027318,HIGH,29.222396984509754
6,1,Cloudy,Residential,15.771210586266001,MEDIUM,20.082990568392272
12,5,Cloudy,Highway,12.350147364558582,LOW,12.612733230336637
21,0,Rain,Highway,28.97429293227993,LOW,33.72357675305283
2,4,Sunny,Main Road,10.661625393219344,LOW,11.558927531736893
3,1,Rain,Residential,11.706673744166578,MEDIUM,15.086164794950355
19,2,Rain,Highway,7.356064167819696,HIGH,12.749106855875944
22,1,Sunny,Main Road,22.03606211942707,MEDIUM,26.505009234738335
0,5,Cloudy,Main Road,13.351353746061557,LOW,13.649404160126469
19,2,Cloudy,Residential,5.025161819217229,HIGH,9.09734800575824
21,2,Sunny,Residential,17.578661770989136,MEDIUM,23.470018385811233
23,2,Cloudy,Main Road,23.37037510253136,MEDIUM,31.87242113379186
0,6,Cloudy,Main Road,22.753928775664207,LOW,25.06557166484001
3,2,Rain,Residential,23.205388568304535,MEDIUM,32.624343592856626
4,2,Cloudy,Highway,11.10919512390796,LOW,11.373244117067692
6,3,Rain,Highway,29.13632651305271,MEDIUM,39.78299412906959
16,1,Cloudy,Residential,13.721126408874039,MEDIUM,18.773786164957926
6,0,Rain,Residential,22.545890872045312,HIGH,34.708173382168646
11,2,Sunny,Highway,17.473175474858476,LOW,19.04586430040159
9,4,Rain,Residential,9.065170568161754,HIGH,15.674681395093987
6,2,Rain,Highway,6.329832056232997,LOW,7.510719281989859
8,1,Cloudy,Main Road,24.63158247228908,HIGH,43.37133147071832
22,2,Sunny,Residential,9.918185329446715,MEDIUM,12.49119615400244
15,2,Sunny,Residential,20.92611621809021,MEDIUM,27.31735005075794
8,2,Rain,Main Road,9.332549229992107,HIGH,16.911679860562344
6,2,Sunny,Main Road,18.857094235629432,MEDIUM,22.849965838488362
20,3,Rain,Highway,14.399148595036142,HIGH,26.924814846246942
10,4,Rain,Residential,13.938974788110492,HIGH,25.42529393231626
17,0,Cloudy,Highway,23.896411385496258,HIGH,38.80955462437138
4,4,Rain,Residential,26.94513087968215,MEDIUM,35.29667315978548
14,6,Rain,Main Road,25.97995095967245,MEDIUM,36.54777279400057
9,4,Cloudy,Residential,13.282689911185601,HIGH,21.16551068500123
1,5,Sunny,Residential,8.603797510648004,LOW,8.857161856060923
4,2,Rain,Main Road,22.978551050491372,MEDIUM,30.89223293125727
2,0,Sunny,Residential,26.997476577951463,LOW,28.18556702131223
0,6,Rain,Main Road,14.767847332293755,LOW,17.198209291868093
17,2,Rain,Residential,15.97824626775717,HIGH,28.944940783888168
4,6,Rain,Residential,11.01704738489827,LOW,12.182136533170334
3,4,Cloudy,Main Road,21.69249148577104,LOW,23.00808112033581
13,1,Sunny,Main Road,16.42705699803801,MEDIUM,19.899078399595577
20,5,Rain,Residential,16.111984596146605,HIGH,31.99146233698982
0,1,Cloudy,Residential,26.3959892952856,LOW,30.59609375111059
2,1,Rain,Highway,13.796675066637505,LOW,15.163028854289404
8,6,Rain,Main Road,28.086923434199527,HIGH,43.608234665398875
5,4,Rain,Residential,24.384949963335895,MEDIUM,31.13809480656133
11,4,Rain,Main Road,6.689249285483571,MEDIUM,9.68409475050367
15,5,Cloudy,Main Road,23.997732034238904,MEDIUM,31.295371075360638
5,5,Cloudy,Main Road,28.0593949676249,LOW,27.326859715467947
11,4,Rain,Highway,28.08877113723517,MEDIUM,38.86141833435052
18,4,Sunny,Highway,11.312373558264786,MEDIUM,16.578969188525182
5,3,Rain,Highway,7.15045746082588,LOW,7.771485752505618
4,0,Cloudy,Main Road,19.207375710193226,MEDIUM,23.348998133902374
23,5,Rain,Main Road,9.753422519639674,MEDIUM,13.025872731101341
4,6,Sunny,Main Road,15.687793721532579,LOW,15.257504957513527
9,0,Sunny,Main Road,10.764337638668529,HIGH,16.99557024352856
9,6,Cloudy,Main Road,22.581832848099097,MEDIUM,30.16001498092765
16,4,Rain,Main Road,14.980491477743705,MEDIUM,21.04757408073879
8,5,Sunny,Highway,13.45113106470661,LOW,15.982607282595913
17,6,Rain,Main Road,28.104356556636237,HIGH,50.855163575844095
19,5,Sunny,Main Road,29.526401063569462,HIGH,50.39208542158705
17,3,Sunny,Main Road,23.083244383659395,MEDIUM,34.6003201301881
11,3,Cloudy,Main Road,24.538545953078845,MEDIUM,32.91983003096904
6,4,Rain,Main Road,22.04853040791956,HIGH,33.41734877331262
22,1,Cloudy,Residential,15.67083953871297,MEDIUM,22.285827125051107
11,2,Sunny,Main Road,15.913120753703376,LOW,18.974253706731005
7,3,Rain,Residential,19.201215290609692,HIGH,39.03542225401526
2,0,Sunny,Main Road,9.514836945123221,LOW,9.567949442360948
7,2,Sunny,Residential,14.945466272291048,HIGH,24.741635512982306
17,1,Cloudy,Residential,23.38046569627241,HIGH,41.54235041895455
11,6,Rain,Main Road,26.724273572423282,MEDIUM,32.475091541692684
11,3,Rain,Residential,17.155192397494584,HIGH,27.133217771451918
9,5,Rain,Highway,8.068701247198502,MEDIUM,12.08361302235211
14,0,Sunny,Main Road,25.90813015285063,MEDIUM,31.72276966703028
2,0,Cloudy,Residential,14.598406496524344,LOW,15.468390636410586
12,1,Rain,Main Road,18.312298441726647,MEDIUM,27.362513199705965
19,6,Cloudy,Main Road,25.256092167146196,HIGH,42.2518505997631
13,6,Rain,Residential,23.81001797637317,HIGH,37.27504011412459
17,3,Cloudy,Residential,22.98050488686246,HIGH,44.41916637907555
7,1,Sunny,Main Road,24.989723094291747,HIGH,42.36895964575558
17,2,Cloudy,Residential,14.865030094721577,HIGH,28.335735265257846
19,0,Sunny,Main Road,19.21102688848534,HIGH,29.840436288341852
14,0,Cloudy,Highway,16.660987518169684,LOW,19.453009148831125
1,4,Sunny,Main Road,27.426107080714498,LOW,30.302636921044588
8,6,Cloudy,Main Road,26.726384292343432,MEDIUM,35.181954327710436
3,5,Sunny,Highway,22.111034599453056,LOW,19.202889711661296
1,5,Cloudy,Main Road,5.402954347131365,LOW,5.119447620832118
3,0,Rain,Main Road,7.829564085423112,LOW,9.35808935653468
21,3,Sunny,Residential,15.66188325655705,MEDIUM,19.706545082566144
11,2,Cloudy,Residential,14.367890184872788,MEDIUM,19.596782788997583
9,1,Rain,Highway,7.65580259431864,MEDIUM,11.459185681148382
18,5,Cloudy,Highway,14.470992317558593,MEDIUM,21.41708589485476
2,1,Rain,Residential,29.945324207551636,MEDIUM,39.65349410559786
16,6,Sunny,Residential,16.808228988050995,MEDIUM,21.04710765464733
9,1,Cloudy,Highway,24.975148843162398,HIGH,43.393771861809604
22,1,Cloudy,Residential,28.940213561100286,MEDIUM,37.201526255545396
11,5,Cloudy,Residential,10.758745865704121,MEDIUM,15.852798862429323
7,6,Cloudy,Residential,19.618883405980213,MEDIUM,27.216003055186047
13,4,Sunny,Residential,17.35500585895586,MEDIUM,22.713370170041493
14,0,Sunny,Highway,15.46564006495776,LOW,17.41204946035049
3,1,Sunny,Main Road,5.59828659334156,LOW,5.479545201080731
16,3,Cloudy,Main Road,8.186324686243664,MEDIUM,10.616434937931365
10,4,Rain,Residential,7.694294786850754,HIGH,15.24228741225739
13,5,Cloudy,Residential,25.870116806717615,MEDIUM,31.660086342888903
16,0,Sunny,Highway,19.838832168476337,LOW,21.030503401691767
14,1,Rain,Residential,19.702021941412163,MEDIUM,28.905684939413998
18,4,Rain,Residential,17.705697276455425,HIGH,36.32253049365395
4,0,Rain,Residential,10.267017228629001,MEDIUM,13.195634880889168
9,1,Sunny,Main Road,11.846212500079668,HIGH,18.716541267517457
8,4,Sunny,Highway,21.660840302450342,MEDIUM,29.02483892276717
5,0,Rain,Highway,28.996417576567165,MEDIUM,35.18103099392439
0,2,Sunny,Main Road,28.54514895898844,LOW,31.229245026986867
14,2,Sunny,Residential,22.658054999855096,MEDIUM,30.857206546228287
8,0,Sunny,Main Road,23.290843566640387,MEDIUM,31.947616465237473
7,5,Sunny,Main Road,8.918179777834595,MEDIUM,13.265835296564804
2,5,Rain,Main Road,27.306812726842235,LOW,31.428440767584505
17,5,Rain,Highway,28.729563622641777,HIGH,47.47335169272158
6,2,Cloudy,Highway,17.112679297825107,LOW,19.446703441259512
2,4,Rain,Residential,10.35472687393384,MEDIUM,13.864108458661567
1,3,Rain,Main Road,20.334455553496298,MEDIUM,24.629397484564507
5,2,Sunny,Main Road,21.699395046580573,LOW,23.485610944748167
17,3,Cloudy,Highway,10.473263210126646,HIGH,18.396723832643804
14,2,Sunny,Residential,15.62163209837287,MEDIUM,20.984455822465375
11,5,Cloudy,Residential,8.201446640059682,MEDIUM,11.114317152094632
0,2,Cloudy,Residential,10.377654338220246,LOW,12.262409888859263
21,2,Cloudy,Main Road,25.225763589507256,MEDIUM,31.609553864544846
7,2,Rain,Highway,12.712766238979313,HIGH,19.99083284245241
20,0,Rain,Residential,13.242104412841671,HIGH,26.169045600626934
2,6,Rain,Main Road,27.805714114140834,MEDIUM,33.443726440790115
6,1,Rain,Main Road,26.49307089258367,HIGH,40.00045778840406
6,4,Rain,Highway,28.500344904817805,LOW,30.44360102941673
12,6,Cloudy,Highway,8.923637658933124,LOW,9.385085106063382
3,6,Cloudy,Residential,15.018773401378315,LOW,15.62514187089033
22,6,Rain,Main Road,5.50385445630956,MEDIUM,8.054186916686636
12,1,Rain,Main Road,24.61929394374168,MEDIUM,36.597833120767774
3,2,Rain,Residential,16.785008828450128,MEDIUM,21.11345651182166
15,2,Rain,Residential,17.66483762201183,HIGH,30.07047873778288
17,5,Sunny,Main Road,10.601521502785285,HIGH,18.55759347544541
18,0,Rain,Main Road,13.31088687177212,HIGH,25.74127378515886
15,4,Sunny,Highway,8.533264138399636,LOW,9.759923838196983
18,6,Sunny,Highway,24.185211973901417,MEDIUM,31.573949845862025
10,5,Rain,Residential,15.163357084882987,HIGH,24.58014511832108
10,5,Sunny,Main Road,16.534300764811814,HIGH,25.577225285995375
3,3,Rain,Highway,14.392151260242326,LOW,14.4103000105815
14,6,Sunny,Highway,27.137570832703677,LOW,25.77914343480462
17,3,Cloudy,Highway,12.418775580373271,HIGH,19.156301118063794
16,2,Rain,Main Road,19.09525957893966,MEDIUM,27.571090162210417
22,2,Rain,Residential,11.280984072407714,HIGH,19.016223303832138
4,1,Rain,Residential,25.735200396528544,LOW,29.53223804931514
0,2,Rain,Highway,9.981690960758398,LOW,10.594017124776824
19,1,Sunny,Main Road,20.908588200650378,HIGH,36.5594637447606
6,2,Cloudy,Main Road,19.611709626265448,MEDIUM,24.748651065935995
17,5,Rain,Highway,6.93690314751847,MEDIUM,9.530300824700682
16,4,Rain,Main Road,13.254004749591592,HIGH,20.6552643037553
19,5,Cloudy,Highway,9.202484712502134,MEDIUM,13.313533161665678
5,3,Sunny,Main Road,6.944685707977661,LOW,7.73125656118719
13,5,Cloudy,Main Road,12.56395803771449,MEDIUM,16.80991509796857
11,2,Rain,Main Road,18.267137683592672,HIGH,31.41610743375681
8,5,Sunny,Main Road,19.012146637150423,MEDIUM,28.40947967532303
13,5,Cloudy,Highway,5.632388864855921,LOW,5.646383578031668
17,1,Cloudy,Main Road,9.475140000356815,HIGH,17.23164509384211
0,4,Cloudy,Main Road,7.352712100565574,LOW,8.335199260656491
1,5,Cloudy,Residential,16.968371718804164,LOW,17.473399042396874
0,6,Rain,Main Road,29.930789434825304,MEDIUM,37.09378322018788
3,0,Cloudy,Highway,20.32301230249277,LOW,20.806734259675675
2,3,Sunny,Highway,16.084450155026865,LOW,15.319943444696854
8,6,Sunny,Residential,20.350094761225137,MEDIUM,27.123578197165223
22,1,Rain,Residential,28.607524366352067,HIGH,47.49165346475542
21,0,Sunny,Highway,25.6261885839129,LOW,26.740525539508916
14,0,Cloudy,Residential,9.967085027828197,MEDIUM,14.228364793535802
0,2,Cloudy,Residential,13.767119444481017,LOW,16.14061130411094
14,0,Sunny,Highway,9.562524283221062,LOW,10.139587472719777
0,6,Sunny,Highway,10.438146300231221,LOW,8.64771434276629
21,5,Sunny,Residential,23.895813587701035,LOW,28.564964142182976
4,4,Cloudy,Main Road,10.649009502544118,LOW,11.091045755243856
22,3,Cloudy,Highway,17.24714151679596,LOW,19.659654623182234
20,5,Sunny,Highway,28.741628198833055,HIGH,44.942045369941034
13,2,Rain,Residential,24.906785020360537,HIGH,39.14374455173684
8,0,Rain,Highway,11.455346237543022,HIGH,17.892622333173673
5,3,Sunny,Main Road,19.67051903214137,LOW,20.488635270175223
1,2,Rain,Highway,20.7368019891687,LOW,21.10434804051225
20,0,Sunny,Main Road,12.65689074299217,HIGH,19.94960543706708
19,3,Rain,Residential,22.362460947589664,HIGH,45.723953454365066
19,2,Cloudy,Residential,15.028827618839834,HIGH,25.33024323195405
16,0,Cloudy,Main Road,24.351811198398654,MEDIUM,32.67119828769778
9,4,Rain,Residential,9.96155357947459,HIGH,19.590684367050358
1,0,Cloudy,Highway,25.037240599487433,LOW,22.582766686171333
5,2,Cloudy,Highway,9.614841423217872,LOW,8.938091268850636
17,6,Cloudy,Highway,16.933602236086465,MEDIUM,24.98678870393923
21,3,Cloudy,Residential,11.068550192388923,MEDIUM,16.31636178637886
12,6,Cloudy,Main Road,25.494776903605015,MEDIUM,31.013617859462805
23,4,Sunny,Highway,27.139703223206535,LOW,28.50481561180891
16,6,Sunny,Residential,19.97925478065097,MEDIUM,24.474613775809168
1,1,Cloudy,Main Road,7.321258809340493,LOW,7.4843172905012
21,6,Cloudy,Highway,11.525487445017834,LOW,12.65877105058539
2,2,Rain,Residential,7.535127411758264,MEDIUM,10.102479011083599
18,4,Cloudy,Residential,16.3673016450533,HIGH,30.466058178058837
9,3,Cloudy,Residential,20.852929487071634,HIGH,36.12378226648964
15,5,Cloudy,Residential,29.29425611437518,MEDIUM,38.58967021703835
2,1,Sunny,Main Road,28.705030406671963,LOW,30.49253448785516
19,5,Cloudy,Main Road,6.213589956008487,HIGH,10.242257418588085
21,2,Cloudy,Main Road,13.43654362019082,MEDIUM,17.13841858968959
11,3,Sunny,Main Road,13.115813750342157,MEDIUM,16.871475251599225
1,4,Rain,Main Road,11.2156679435137,LOW,13.088538651044136
13,2,Cloudy,Main Road,22.224799025289926,MEDIUM,30.466043278101573
16,4,Cloudy,Highway,6.913403594230948,LOW,7.610600908800298
3,3,Rain,Residential,6.9691216457211835,MEDIUM,9.313329200533117
23,2,Rain,Residential,23.567122869738444,HIGH,38.593358347353295
18,2,Cloudy,Residential,17.8509893155019,HIGH,34.481254960022525
15,1,Cloudy,Main Road,23.671744817656144,MEDIUM,32.781580937327895
5,5,Cloudy,Main Road,5.126276241090667,LOW,4.767716778804605
20,2,Sunny,Highway,10.62061928549277,HIGH,17.42443763450665
23,5,Rain,Main Road,19.697854112976188,MEDIUM,26.853693126531418
10,2,Cloudy,Main Road,8.794465672587519,HIGH,15.264338215632566
12,2,Cloudy,Highway,21.51746236761877,LOW,25.63118759286149
2,1,Rain,Residential,14.229786378151314,MEDIUM,17.161139411258517
19,4,Sunny,Residential,13.79065945090585,HIGH,23.274958913785433
9,4,Rain,Main Road,29.742005995422332,HIGH,54.2439291106644
3,0,Cloudy,Highway,10.282629279816693,LOW,9.051529455743243
23,3,Rain,Main Road,13.800615510210566,HIGH,21.128252121032393
20,0,Rain,Residential,29.005985005409006,HIGH,57.386446467547536
12,3,Cloudy,Main Road,25.653460905803428,MEDIUM,32.910416611775965
17,6,Cloudy,Main Road,21.40476531763946,HIGH,37.36720343624238
6,5,Sunny,Residential,10.6048153226398,MEDIUM,12.806742697380086
13,0,Cloudy,Residential,11.24851885558271,MEDIUM,14.90868135931269
23,4,Rain,Main Road,18.801433986301618,HIGH,29.0522515979767
7,1,Cloudy,Residential,28.034642115195336,HIGH,45.068217325376075
14,3,Sunny,Residential,20.081224673176777,MEDIUM,30.03458825981988
16,5,Sunny,Residential,25.946886265884938,MEDIUM,32.20986396163298
2,0,Rain,Highway,22.050589933408865,LOW,23.52418349218568
13,2,Rain,Residential,8.02454935680979,HIGH,12.222606994956138
15,6,Rain,Highway,12.324076781359015,MEDIUM,15.274344404151147
16,5,Rain,Main Road,15.71471344445339,MEDIUM,21.576108891262134
3,5,Sunny,Main Road,15.322326357762702,LOW,13.822328816289396
3,2,Rain,Residential,6.851738888442892,MEDIUM,8.898730197789245
9,5,Cloudy,Main Road,24.684348711814014,HIGH,39.409908903633514
9,0,Sunny,Main Road,19.088485830039573,HIGH,32.49146546219306
18,5,Cloudy,Main Road,22.82697093484222,HIGH,40.031143743630395
12,2,Rain,Highway,5.700117619879384,LOW,6.748617597971641
23,4,Rain,Residential,15.146115809115456,MEDIUM,21.370966658561244
16,2,Rain,Main Road,14.449468527996666,HIGH,23.15937841798715
15,3,Sunny,Residential,28.673706327518932,MEDIUM,35.75423472372198
8,4,Rain,Highway,21.249916552927754,HIGH,34.02861272281685
23,6,Rain,Highway,23.534446545416486,MEDIUM,28.94361372613381
8,4,Rain,Residential,18.443227274830566,HIGH,32.0913949674123
7,2,Rain,Highway,22.24247595972073,HIGH,35.98209330215479
1,4,Cloudy,Residential,11.936913931995477,MEDIUM,15.464050937592186
4,4,Cloudy,Highway,10.193301146400392,LOW,9.01195740090803
1,2,Rain,Highway,9.910645723026066,LOW,9.661782096706094
6,4,Cloudy,Main Road,19.233231732547743,MEDIUM,26.370704836382696
20,1,Rain,Residential,20.360332048599243,HIGH,38.214083277310614
15,5,Sunny,Main Road,17.682324551656777,LOW,20.38396770958366
7,2,Cloudy,Residential,19.031607937638142,HIGH,33.1525599312584
15,0,Cloudy,Residential,16.76265822645052,MEDIUM,21.227761500559776
14,2,Rain,Residential,18.464752365380093,HIGH,27.96892496558948
16,2,Cloudy,Residential,16.79689096341228,MEDIUM,23.90950136804916
10,1,Sunny,Main Road,24.645278187799693,HIGH,41.69701131421159
16,3,Rain,Residential,24.718715812435217,HIGH,38.55481465094014
9,2,Sunny,Main Road,13.343054117022014,HIGH,20.79139508698856
13,4,Cloudy,Main Road,5.141813189205292,MEDIUM,7.069751876341733
4,3,Cloudy,Highway,25.463326704565233,LOW,24.236676647131198
0,2,Cloudy,Main Road,13.14212831818837,LOW,14.074916194625043
8,0,Sunny,Highway,9.010448665448097,HIGH,13.569125171615408
1,6,Rain,Main Road,22.195024147579762,LOW,25.79839339007972
3,0,Rain,Main Road,11.901155512387996,MEDIUM,14.79284000652467
23,0,Cloudy,Residential,15.34443449681824,MEDIUM,19.07659374098719
2,3,Sunny,Main Road,19.31832919764987,LOW,20.68836358357048
9,5,Sunny,Highway,24.302517877874127,LOW,26.546478072584016
11,6,Cloudy,Residential,27.114630456047657,MEDIUM,33.439568002993795
22,2,Cloudy,Residential,23.69125700233155,MEDIUM,29.81576801827951
15,6,Sunny,Residential,6.50715893376287,MEDIUM,8.999279843498984
16,6,Cloudy,Residential,17.30023676206291,MEDIUM,23.436931147086337
3,4,Sunny,Residential,26.15748354261479,LOW,29.163275057566217
6,6,Sunny,Residential,15.773668217986032,MEDIUM,19.937137124146194
20,2,Sunny,Highway,21.19599658534373,MEDIUM,31.53215809900708
13,0,Cloudy,Residential,12.345344686201578,MEDIUM,16.222308857556463
4,2,Sunny,Residential,21.863457815307907,LOW,24.11354096215133
18,2,Rain,Residential,8.815119562455893,HIGH,16.531148892230387
19,6,Sunny,Highway,18.501906273610814,HIGH,29.40448384752986
6,1,Cloudy,Highway,15.607090963237662,LOW,17.780475285729544
4,3,Sunny,Main Road,5.6355971924872055,LOW,6.23474722663416
1,3,Cloudy,Main Road,9.965943322634743,LOW,11.585415629789233
16,4,Rain,Residential,8.042593814969619,HIGH,12.080449611352918
23,2,Cloudy,Highway,10.258186531281488,LOW,11.192569559523301
14,0,Sunny,Main Road,25.085291828962777,MEDIUM,32.03304472160914
9,6,Sunny,Main Road,28.648514942789106,HIGH,46.759407264789424
12,3,Sunny,Main Road,23.240727791070867,MEDIUM,31.00134468391622
5,4,Sunny,Highway,17.965550488933605,LOW,14.566723787375176
19,6,Sunny,Residential,21.523804756455977,HIGH,32.746656721526804
16,1,Rain,Residential,9.540367306222766,MEDIUM,14.020695009189353
9,3,Rain,Main Road,27.724521316853348,HIGH,46.30012432271956
15,0,Rain,Highway,27.839423344964963,MEDIUM,33.56008081341153
5,0,Sunny,Main Road,27.429717373605758,LOW,27.945243115661796
15,3,Cloudy,Residential,16.0103957605372,MEDIUM,22.316183275973703
8,1,Cloudy,Residential,18.499652289893987,HIGH,34.24608270635583
18,1,Sunny,Highway,17.868350768425987,HIGH,30.225359780092663
23,0,Rain,Main Road,12.05749446282497,MEDIUM,17.48187941360068
9,2,Rain,Main Road,21.708909085166574,HIGH,41.467150914122904
4,2,Cloudy,Main Road,21.53004570775125,LOW,24.622755033201624
12,5,Sunny,Highway,29.48826547380024,LOW,25.755101980893773
12,2,Sunny,Residential,17.019409329415268,MEDIUM,23.779821654821458
18,3,Cloudy,Highway,16.329839866852865,MEDIUM,24.282948078301136
16,2,Cloudy,Highway,11.382110592160931,MEDIUM,13.798731874465327
21,6,Cloudy,Residential,11.571583647861658,MEDIUM,14.438721885376992
14,6,Sunny,Highway,18.76161923868495,LOW,17.55456336448047
2,6,Rain,Highway,14.938952479516455,LOW,13.217349932731329
0,1,Rain,Residential,13.84841243281489,MEDIUM,17.887803079924407
17,2,Rain,Highway,22.342368689768666,HIGH,42.631353710519356
20,5,Rain,Highway,26.080969819919925,HIGH,49.794631483885674
8,0,Cloudy,Main Road,14.744309988051022,HIGH,23.9184827699293
23,2,Sunny,Highway,11.283231025252686,LOW,13.145769812412412
19,4,Sunny,Highway,23.879239151324242,MEDIUM,31.881628823122416
7,3,Sunny,Residential,15.475231966189977,HIGH,25.326303614489223
7,2,Sunny,Main Road,8.086785548548951,HIGH,13.583430573813654
14,1,Rain,Main Road,24.014614881476284,MEDIUM,30.121133494988694
20,4,Cloudy,Highway,21.51053585824966,MEDIUM,31.259398598009263
2,6,Rain,Main Road,26.880886940677236,MEDIUM,35.469780269332134
13,4,Sunny,Residential,22.285923075956504,MEDIUM,30.233089106988096
3,0,Rain,Residential,28.993360921563017,MEDIUM,38.74481787834361
22,3,Cloudy,Highway,20.951497686130942,LOW,24.17652411802808
8,5,Rain,Main Road,15.491133978027566,HIGH,26.54911137306305
7,4,Cloudy,Highway,19.777110970349426,HIGH,30.353798974907274
17,4,Rain,Main Road,20.16569583098717,HIGH,38.74958512101593
20,0,Rain,Highway,7.936834090711473,HIGH,14.81463058125836
13,6,Cloudy,Residential,23.60774439570772,MEDIUM,29.618280039239217
12,6,Rain,Residential,24.440769298336903,HIGH,37.36665376997587
3,2,Cloudy,Highway,23.226434189197267,LOW,21.63467211660945
7,2,Cloudy,Highway,13.112810078673915,MEDIUM,19.62614217831347
17,6,Rain,Residential,13.04702876893892,HIGH,25.987489087713236
10,2,Rain,Residential,23.496483155555214,HIGH,44.28185983955545
23,0,Rain,Main Road,12.823108625002153,MEDIUM,17.530987030767253
22,3,Cloudy,Main Road,25.147437497557902,MEDIUM,35.70841957041447
3,1,Rain,Main Road,27.7207581524028,MEDIUM,36.78150913895205
12,4,Rain,Highway,9.965490306422797,MEDIUM,12.232738595128819
8,1,Rain,Main Road,18.32069381210946,HIGH,34.54479920193715
9,4,Rain,Highway,13.09590741981545,HIGH,20.140323412610233
8,0,Cloudy,Highway,25.83119911981357,HIGH,43.69049152371099
6,1,Sunny,Main Road,11.09200503017576,MEDIUM,13.924618724952309
13,4,Rain,Residential,9.805977719337413,MEDIUM,14.53921318199943
12,5,Cloudy,Residential,24.919933189063556,MEDIUM,31.351797623910578
7,2,Rain,Main Road,6.92601121181456,HIGH,13.244614248530995
17,4,Sunny,Highway,29.525275624818995,HIGH,48.254333803088585
10,0,Rain,Highway,23.00265616706438,HIGH,41.92549361629836
14,2,Rain,Highway,16.50597177796176,MEDIUM,23.05278427341205
0,4,Cloudy,Residential,21.25693925796929,LOW,24.9389961700868
11,0,Rain,Main Road,19.243840659412008,HIGH,30.93519113455849
22,6,Sunny,Main Road,10.38010348785684,LOW,12.055684740289038
18,6,Rain,Main Road,8.605826714318292,HIGH,14.888397124331078
22,6,Cloudy,Residential,7.99208458040299,MEDIUM,11.122352595030193
7,4,Sunny,Highway,5.737188877427392,HIGH,8.94103144488379
3,3,Rain,Residential,28.725747258468168,MEDIUM,35.92848847136366
10,1,Sunny,Main Road,13.878923799360347,HIGH,23.882253636761128
5,2,Cloudy,Highway,10.666005118042357,LOW,11.035963444403139
16,2,Sunny,Residential,6.522522230075693,MEDIUM,8.460735493700327
0,4,Sunny,Highway,13.171491582832022,LOW,11.271987128435722
11,6,Sunny,Highway,9.712052389324036,LOW,10.174029091410004
21,1,Rain,Main Road,19.349625292593295,HIGH,30.20354791108635
4,6,Cloudy,Highway,20.552065342436407,LOW,18.97876707630032
9,0,Cloudy,Residential,9.510418994372026,HIGH,16.6346046227306
19,2,Cloudy,Residential,18.69951084847937,HIGH,32.226506660609026
10,1,Cloudy,Highway,10.98628389842567,HIGH,17.200347016524255
15,6,Rain,Residential,23.865288205270133,MEDIUM,33.23607743560726
18,4,Rain,Residential,18.041820450534097,HIGH,34.768304393919735
6,2,Rain,Main Road,15.105952142763662,MEDIUM,21.568720152316725
15,4,Cloudy,Main Road,17.4403651789366,MEDIUM,22.89016445266328
1,1,Sunny,Main Road,27.302313444664673,LOW,28.968884079152385
10,5,Sunny,Residential,5.699077555389616,HIGH,9.916050908786689
21,6,Cloudy,Residential,17.709370725599012,MEDIUM,22.224648824213123
14,1,Sunny,Residential,13.007763153494052,MEDIUM,17.772305373457222
19,0,Sunny,Main Road,10.150745976776014,HIGH,17.54190284174315
7,5,Cloudy,Highway,29.677137358098435,HIGH,44.67974065581345
7,4,Rain,Main Road,27.048619747567507,HIGH,49.83925566507899
6,5,Rain,Main Road,15.230085196025904,MEDIUM,18.872498445135502
15,2,Rain,Highway,20.663427429743695,MEDIUM,27.84756717144913
7,0,Rain,Highway,7.881960041620548,HIGH,13.938177023106483
23,2,Rain,Residential,28.26548298728079,HIGH,42.566052293354
3,6,Sunny,Main Road,25.571937018185785,LOW,24.711206127806093
4,4,Sunny,Main Road,16.970494707924107,LOW,16.22966083871703
2,6,Rain,Highway,11.04379613622066,LOW,9.785968013792012
16,6,Sunny,Highway,23.122753932684905,LOW,23.894271925510107
8,1,Cloudy,Main Road,10.016232449852453,HIGH,16.343968581368717
2,1,Sunny,Residential,9.858477289953944,LOW,11.480632394706387
2,6,Sunny,Residential,18.213915058934415,LOW,19.128084694149695
21,0,Cloudy,Residential,18.35684415278245,MEDIUM,25.661109404927096
4,0,Rain,Highway,5.14754019327711,LOW,4.885168033537306
7,6,Rain,Highway,19.09096895634803,MEDIUM,27.114053514853584
9,5,Rain,Main Road,16.241780204743346,HIGH,30.456995080915018
14,3,Sunny,Main Road,18.41136691708943,MEDIUM,22.741081280805997
5,3,Cloudy,Highway,14.20195239409908,LOW,12.923485929463848
22,4,Sunny,Main Road,8.1256055161609,MEDIUM,10.180326055438922
13,3,Rain,Main Road,16.09732220924909,MEDIUM,22.524755915241393
23,4,Sunny,Highway,10.423982760420042,LOW,11.558632993968082
21,6,Rain,Main Road,27.508858230593788,MEDIUM,36.1231314475312
4,3,Sunny,Residential,21.30593602588769,LOW,24.503135627198837
19,3,Sunny,Highway,10.429453465656032,HIGH,16.110978591149244
16,3,Sunny,Main Road,5.595884899416865,LOW,6.69912851329197
23,5,Rain,Highway,21.03095352684641,LOW,22.965687839140024
23,1,Cloudy,Main Road,20.258951100152025,MEDIUM,26.64181198709393
3,6,Sunny,Highway,5.536651724701501,LOW,4.513176697916165
11,1,Rain,Highway,28.948914597371935,LOW,33.47768110550034
14,3,Cloudy,Residential,9.380449892904803,MEDIUM,12.946964357685419
5,3,Sunny,Residential,27.755787264236975,LOW,31.07403687118584
22,2,Rain,Highway,29.40311817701169,MEDIUM,37.894562523811935
4,3,Cloudy,Main Road,16.92200112537629,LOW,19.960270144813446
14,4,Rain,Highway,16.18333542607502,LOW,19.399387720021835
10,0,Cloudy,Highway,9.430886755686885,MEDIUM,13.726670325046724
21,1,Rain,Main Road,12.30873657602969,HIGH,20.152151245205776
15,0,Rain,Residential,15.443466527704484,MEDIUM,22.87985521525408
16,0,Cloudy,Main Road,27.64541632810271,MEDIUM,33.63199895260573
13,2,Sunny,Main Road,23.749940580706426,MEDIUM,29.80130686332766
17,0,Sunny,Residential,5.266946989044781,HIGH,8.990031712408385
15,3,Cloudy,Highway,22.382207079213842,LOW,24.981098091828617
13,3,Rain,Main Road,8.308503319119335,MEDIUM,11.162900008072894
2,3,Rain,Highway,25.136879322346783,LOW,28.41678480913669
4,6,Sunny,Highway,6.860365677086118,LOW,5.993932484551145
2,0,Rain,Highway,23.412588128258705,LOW,27.60051535717027
14,5,Cloudy,Residential,7.645818444446693,LOW,8.823362897819775
2,5,Sunny,Highway,15.824234186037017,LOW,13.298474059091328
20,4,Sunny,Main Road,25.438773221764666,HIGH,46.28839509073262
15,2,Rain,Residential,19.79530127067272,HIGH,29.741541710337945
6,2,Sunny,Residential,19.385852026329133,MEDIUM,24.68343400920124
6,1,Cloudy,Highway,9.06058940937146,LOW,10.614792234931322
9,1,Cloudy,Main Road,25.611714263401744,HIGH,47.226898911322685
8,2,Sunny,Highway,6.540489320230293,MEDIUM,8.769383964499884
13,0,Rain,Residential,16.148300210386317,HIGH,26.759321013505925
11,5,Rain,Residential,21.954888768363016,MEDIUM,32.5305347008461
15,2,Cloudy,Main Road,24.085311980748074,MEDIUM,31.486738175744712
1,5,Cloudy,Main Road,16.62362040578847,LOW,17.077746077318043
14,3,Sunny,Highway,23.446479877559856,LOW,25.78977835475395
10,3,Rain,Highway,14.985456311276192,MEDIUM,21.463861416336904
18,1,Sunny,Highway,5.4097341357342215,MEDIUM,8.002443576462156
15,3,Sunny,Main Road,25.744454107283754,MEDIUM,32.5757733372575
19,5,Cloudy,Main Road,15.877689336860715,HIGH,27.258431638963323
10,5,Cloudy,Residential,12.233046394116766,MEDIUM,16.985496893797624
9,5,Sunny,Main Road,20.761475881675615,MEDIUM,30.84599289852418
9,2,Rain,Main Road,25.17810711423205,HIGH,47.35196114429551
14,2,Cloudy,Highway,10.23639972220673,LOW,10.941908399723172
15,6,Cloudy,Residential,13.518933426070918,MEDIUM,19.04106839451735
18,1,Rain,Residential,20.23467791024928,HIGH,42.049915046401765
10,4,Sunny,Main Road,23.754808073557065,HIGH,38.153005373592684
19,5,Cloudy,Highway,16.237123122359897,HIGH,26.232047952922713
1,3,Sunny,Highway,20.826745518120603,LOW,17.671847945425437
4,6,Cloudy,Main Road,17.117442858458418,LOW,15.961080406494476
19,4,Sunny,Main Road,23.33549794937725,HIGH,42.38659705165612
9,1,Cloudy,Main Road,22.5161523406555,HIGH,38.586503352061676
0,5,Rain,Main Road,6.967741803942555,LOW,7.405072356051243
19,3,Cloudy,Highway,28.422574489107735,HIGH,42.65948209048561
18,1,Cloudy,Highway,8.097873563398323,HIGH,13.76489965623129
23,3,Rain,Highway,20.72225846988328,MEDIUM,28.052605502518727
1,5,Cloudy,Main Road,19.14042222434494,LOW,17.974465303528984
2,0,Sunny,Highway,7.556330435495932,LOW,6.160737028749811
11,2,Cloudy,Highway,15.316044714967365,LOW,18.193066920561087
20,6,Cloudy,Residential,8.874600221979899,HIGH,16.226217131614565
8,1,Sunny,Highway,21.118964493930697,HIGH,32.119207827335394
7,3,Sunny,Highway,10.475022598826836,MEDIUM,14.506966978218376
16,2,Cloudy,Main Road,23.899076922671977,MEDIUM,32.196848473057216
21,5,Rain,Main Road,18.750777033709277,LOW,22.231505368525323
22,0,Rain,Main Road,17.72871585536356,MEDIUM,24.760744254086543
20,5,Rain,Main Road,11.641168064673007,HIGH,21.048301584407195
6,2,Cloudy,Main Road,7.979191513818247,MEDIUM,10.326476331478329
16,6,Cloudy,Highway,9.620800933371017,LOW,8.834365367859855
18,5,Rain,Main Road,25.823242457536946,HIGH,46.40110942399395
20,1,Rain,Main Road,10.420151448082063,HIGH,17.75836697471817
6,3,Rain,Main Road,22.99923187631346,HIGH,35.284804580382186
15,4,Rain,Main Road,24.875079390924647,MEDIUM,36.93185243364379
0,6,Sunny,Residential,6.250700998523454,LOW,5.743439530838657
23,4,Sunny,Highway,6.338446022579401,LOW,6.7473681192016635
11,0,Cloudy,Main Road,21.340649318396025,LOW,25.282680380061443
14,6,Sunny,Highway,27.98515897927988,LOW,30.415665734274953
15,1,Sunny,Highway,7.152381786109697,LOW,7.510297347605162
17,2,Cloudy,Highway,22.5719182124791,HIGH,34.503855564016234
21,3,Sunny,Highway,17.43558589974186,MEDIUM,21.07120928446998
18,0,Rain,Highway,28.98572205929701,HIGH,53.62080437215803
8,0,Rain,Main Road,29.07974020987592,HIGH,53.23576412571032
1,6,Rain,Main Road,18.9736099079524,LOW,22.70049983777633
2,4,Cloudy,Main Road,25.517855039327436,LOW,29.9552829606172
17,1,Cloudy,Residential,20.982854617161255,HIGH,38.601577667051885
9,1,Rain,Main Road,21.892767426049073,HIGH,38.734466176986096
4,2,Cloudy,Residential,16.6638793518336,LOW,18.74170039015523
16,6,Rain,Highway,19.969813701072685,LOW,20.97818836679383
6,6,Rain,Main Road,7.04358488757971,MEDIUM,9.173600690667381
0,2,Rain,Residential,28.55724650708994,MEDIUM,40.06068845747891
10,5,Cloudy,Residential,28.42320166434357,HIGH,43.525885714400026
3,1,Rain,Residential,16.34135223099984,MEDIUM,21.704341201981688
16,6,Sunny,Main Road,8.60888874453375,LOW,8.869219057661354
6,4,Rain,Highway,28.78876429321139,LOW,32.61536057589458
21,0,Sunny,Main Road,16.31498402934757,MEDIUM,20.92768313275162
0,5,Rain,Main Road,13.579239693982025,MEDIUM,16.934072928687193
18,0,Rain,Main Road,29.42533653816544,HIGH,54.1721026163395
12,6,Rain,Highway,15.567541734984356,MEDIUM,20.513246053877904
12,0,Cloudy,Highway,16.871794658183376,LOW,19.309420296235814
3,3,Cloudy,Residential,13.434567459184422,LOW,15.56991366905975
22,6,Cloudy,Highway,20.34293133963031,LOW,18.757229667194736
16,3,Sunny,Residential,9.530831885185087,MEDIUM,12.740981446673443
17,5,Rain,Highway,11.330107634078907,MEDIUM,16.512015455194888
1,2,Rain,Main Road,15.668290054364979,MEDIUM,20.86123988596261
7,0,Cloudy,Residential,25.170066441199094,HIGH,44.67025454550742
10,6,Rain,Residential,26.138460467262387,HIGH,43.37624581530276
4,1,Rain,Residential,19.069268856882715,MEDIUM,23.525189457786592
16,5,Cloudy,Residential,18.587115724818425,MEDIUM,23.576009027641707
2,2,Rain,Main Road,16.8656378986923,MEDIUM,20.35505093362566
0,1,Sunny,Residential,9.669767928242859,LOW,10.584251601541181
17,2,Cloudy,Highway,29.271634368225588,HIGH,46.40033526142846
6,1,Cloudy,Highway,23.666053694016092,LOW,25.33467314670347
16,5,Cloudy,Residential,18.262982481877785,LOW,21.469685788260247
6,1,Rain,Main Road,16.95688591873913,MEDIUM,23.558752810641252
2,1,Rain,Highway,26.446140764256548,LOW,30.395623971775716
2,4,Sunny,Highway,20.67352353658783,LOW,18.737223842499272
8,3,Sunny,Main Road,6.072722649326311,MEDIUM,8.93301130452643
23,2,Cloudy,Main Road,20.160912803629866,MEDIUM,27.686754495109174
16,3,Rain,Residential,8.932128146540483,HIGH,13.527060499996875
0,3,Sunny,Residential,7.1210666195441705,LOW,8.099595370564455
11,2,Cloudy,Main Road,16.6126773227317,MEDIUM,22.946351630530675
10,2,Cloudy,Residential,17.19468775877614,HIGH,31.695342899047525
21,4,Rain,Residential,24.645401569826177,HIGH,37.618620076550926
17,4,Rain,Residential,6.573359268082852,HIGH,13.270868018868665
7,2,Cloudy,Highway,19.150373114508866,MEDIUM,26.59890254328394
13,2,Cloudy,Residential,15.596202811167505,MEDIUM,21.85918220663041
22,2,Sunny,Residential,22.149491489210526,MEDIUM,29.279991245536078
14,4,Rain,Highway,7.930269152781495,MEDIUM,10.44537002377067
20,6,Cloudy,Highway,27.1818316071252,HIGH,45.20104321085314
14,4,Cloudy,Highway,11.368142851811601,LOW,12.219224628556807
12,0,Sunny,Highway,25.299779611476136,LOW,28.075248053710514
17,4,Cloudy,Residential,19.186341021301818,HIGH,33.09202172166408
19,0,Cloudy,Main Road,14.672117291603605,HIGH,23.65034393481543
1,0,Sunny,Main Road,7.686540698351466,LOW,7.574841048261459
23,5,Cloudy,Highway,5.998434590420039,LOW,6.564774627523003
9,3,Sunny,Highway,10.510940145386737,HIGH,15.935453383073822
11,6,Sunny,Highway,5.573851643821269,LOW,5.850096716352339
12,1,Rain,Residential,5.436014301045484,HIGH,8.539001651823312
15,0,Sunny,Highway,26.134556719363147,LOW,26.780683880615282
5,1,Cloudy,Highway,5.079209029445562,LOW,4.9077558753361785
14,1,Sunny,Highway,26.18205522783047,LOW,27.51728643236398
12,6,Rain,Main Road,5.5756647402913515,HIGH,8.518588928953614
10,2,Sunny,Main Road,17.688983346454393,HIGH,26.599725306810768
4,5,Sunny,Residential,25.92349374646858,LOW,26.591843966280894
11,3,Cloudy,Highway,22.873344624541478,MEDIUM,28.32116579331457
21,4,Sunny,Residential,22.439522792528376,MEDIUM,29.90892849943277
11,2,Cloudy,Highway,17.273936799968006,LOW,20.70441302696405
7,2,Cloudy,Main Road,16.963268771413375,HIGH,26.607375040986096
6,6,Sunny,Main Road,14.114295998211674,MEDIUM,17.555897821729197
22,4,Sunny,Main Road,6.981384032453199,MEDIUM,9.12812603505466
13,2,Sunny,Highway,15.236609412654927,LOW,16.93550057556796
19,0,Rain,Residential,24.577518624116284,HIGH,48.114144888474115
15,3,Sunny,Highway,5.429545307108895,LOW,6.053047059324052
3,2,Sunny,Residential,8.103432018134614,LOW,9.374443536721335
4,4,Sunny,Highway,24.672708960016536,LOW,21.22895800573724
0,4,Rain,Highway,14.845141905350443,LOW,14.773346076661607
19,6,Cloudy,Residential,24.578936375542924,HIGH,40.92851212793795
19,6,Sunny,Highway,29.571407470372524,MEDIUM,38.38049179109659
12,4,Rain,Residential,15.097461545615028,HIGH,24.77765168042617
19,4,Rain,Residential,15.12996542297886,HIGH,29.84850950329996
4,6,Sunny,Highway,6.835426799915396,LOW,6.044937321602172
12,3,Cloudy,Main Road,5.596896245059589,MEDIUM,7.531653855917399
4,3,Rain,Residential,8.496127882799378,MEDIUM,11.387955329786625
14,2,Cloudy,Main Road,16.658726206587676,MEDIUM,22.11910373018282
1,1,Sunny,Residential,28.068668153376287,LOW,29.110822530554046
12,5,Cloudy,Highway,19.955911653852283,LOW,20.771985660116794
15,0,Cloudy,Main Road,9.83698254643786,MEDIUM,13.449885769981176
22,4,Cloudy,Highway,5.617087727320698,LOW,6.301925605319814
19,3,Cloudy,Residential,13.163616673075996,HIGH,24.245466890882852
15,3,Rain,Highway,21.658000420650072,MEDIUM,30.84833619988894
4,6,Cloudy,Main Road,21.51540654045924,LOW,20.85710481674524
2,4,Cloudy,Main Road,14.85998515416636,LOW,15.6817636406798
18,1,Cloudy,Highway,15.672787306281917,HIGH,27.066916138459987
5,6,Sunny,Main Road,23.180948399503635,LOW,23.840774513605748
21,3,Sunny,Highway,21.735428471044873,LOW,25.668081503911527
11,6,Cloudy,Main Road,19.426086388261723,LOW,23.28365975355259
4,5,Rain,Residential,19.744489550599507,MEDIUM,25.080742864406588
13,3,Cloudy,Main Road,28.498501164621675,MEDIUM,37.36132670505058
18,2,Cloudy,Highway,25.60172486081197,HIGH,43.68071339282907
14,1,Sunny,Residential,18.555231784627523,MEDIUM,24.455378895725083
10,2,Sunny,Highway,9.061136883321803,MEDIUM,12.101195492214856
10,0,Cloudy,Main Road,25.37652087065721,HIGH,38.75226613017157
3,2,Sunny,Main Road,26.977646089680217,LOW,30.069828356248898
12,3,Sunny,Main Road,11.080896893622858,MEDIUM,14.594319933904165
18,3,Sunny,Highway,7.052371591759892,HIGH,11.811221900387508
15,0,Rain,Residential,8.797191938727584,MEDIUM,12.10409365917575
11,5,Rain,Residential,13.931262542690751,MEDIUM,20.509458816461393
18,0,Sunny,Residential,5.005327876923563,HIGH,10.137391893793325
15,0,Cloudy,Residential,12.285710911347547,MEDIUM,16.70988380635851
14,4,Cloudy,Highway,21.086600679173163,LOW,24.71731976702047
1,3,Cloudy,Residential,9.07016290256917,LOW,10.664939126028287
20,5,Cloudy,Main Road,25.174146616924013,MEDIUM,35.96815483852207
4,5,Sunny,Highway,6.986328150843844,LOW,5.931444672290359
4,5,Sunny,Main Road,24.25916771082733,LOW,24.01707244115366
3,5,Rain,Residential,18.8030059131571,LOW,20.006918582301672
5,3,Sunny,Main Road,6.651383759251271,LOW,6.739994913315993
5,6,Cloudy,Main Road,21.458236233620443,LOW,19.59997396018683
22,3,Rain,Main Road,28.951627857143663,HIGH,46.67429252435086
5,2,Cloudy,Highway,17.172355107128794,LOW,15.944535703015339
19,3,Cloudy,Highway,23.01960974568742,HIGH,36.477401027730146
19,2,Cloudy,Highway,7.6149312933531315,HIGH,12.685597537714166
21,5,Rain,Residential,17.62452849623673,HIGH,26.744961627614884
13,6,Rain,Highway,16.373812512334904,LOW,19.114984040695113
10,0,Cloudy,Residential,20.676068321817695,HIGH,39.95719990531309
19,4,Sunny,Main Road,25.870054250749508,HIGH,42.08867277177785
1,6,Sunny,Residential,27.6095107532225,LOW,26.5262770150913
14,1,Cloudy,Highway,15.75026896740566,MEDIUM,20.27856018939035
17,3,Sunny,Residential,26.7136481688539,HIGH,51.38707926294448
19,5,Sunny,Main Road,29.721709746900245,MEDIUM,41.38365190383171
7,3,Rain,Residential,13.214684608809037,HIGH,23.123181036186974
20,1,Cloudy,Highway,7.48649849181575,HIGH,13.033393597802965
8,3,Sunny,Main Road,10.10233318976346,MEDIUM,15.020759883382647
9,4,Rain,Residential,20.97556510355133,HIGH,34.4531437824713
7,0,Cloudy,Highway,7.8342689880915515,MEDIUM,11.431635459510352
14,4,Sunny,Main Road,21.69995945214592,MEDIUM,26.794111217486723
11,1,Cloudy,Highway,18.632611361321196,LOW,20.408193957752943
2,0,Sunny,Highway,13.552529692713136,LOW,11.53749567831157
20,2,Sunny,Main Road,26.337655631690883,HIGH,49.14428695587482
12,1,Sunny,Highway,20.526877089867227,LOW,22.88275654223905
23,1,Rain,Main Road,18.93644414298963,MEDIUM,27.96541624929625
1,3,Sunny,Highway,19.27348244104934,LOW,16.173644969886602
10,3,Rain,Highway,29.23959324418943,HIGH,49.28333731102877
17,6,Sunny,Residential,8.394257551697976,HIGH,13.387980502493036
19,6,Sunny,Residential,12.926672742895331,HIGH,20.379388255318958
1,2,Rain,Highway,22.397669378347956,MEDIUM,28.598536008826677
2,4,Cloudy,Highway,17.45717616907975,LOW,16.770203008456328
5,5,Sunny,Highway,28.285257914095062,LOW,23.069127328320455
8,6,Cloudy,Main Road,27.210209653475687,MEDIUM,38.38658764052913
17,6,Rain,Highway,25.289427547308406,HIGH,42.83772902193583
9,0,Cloudy,Highway,12.797304898284061,HIGH,21.101719651982908
4,0,Sunny,Residential,5.100236219694594,LOW,5.842897512008833
12,4,Sunny,Main Road,8.970173670138017,MEDIUM,12.07031142694763
10,1,Sunny,Residential,27.954078683446202,HIGH,48.736737569157214
15,1,Rain,Residential,8.166535528259274,HIGH,13.069719934566617
13,0,Rain,Residential,26.87681855136797,HIGH,43.41869667148337
7,0,Cloudy,Highway,20.33144892507834,MEDIUM,28.608799998604116
18,3,Rain,Main Road,11.734005966974546,HIGH,22.893043963150106
19,3,Sunny,Highway,15.13862408525075,MEDIUM,20.607483841744553
5,6,Rain,Residential,7.999430888737431,MEDIUM,10.040364290687746
23,0,Rain,Main Road,8.324051753658779,HIGH,12.946585335848019
22,0,Rain,Highway,15.333895889474759,MEDIUM,19.968669414204815
3,6,Cloudy,Main Road,29.43125013469287,LOW,30.37370328643949
4,1,Cloudy,Main Road,9.70001732370836,LOW,10.958417389675668
8,3,Sunny,Main Road,5.076434841992964,HIGH,8.13006732061713
1,5,Cloudy,Residential,12.226822563230968,LOW,11.74637167900042
0,3,Rain,Highway,19.662111262684512,LOW,21.998285790061384
8,6,Cloudy,Main Road,11.740987330760486,HIGH,18.51566339424293
12,1,Rain,Residential,21.047212469200836,MEDIUM,28.996614665796812
3,2,Rain,Residential,24.986533431376735,MEDIUM,32.443968229975724
7,2,Cloudy,Highway,23.943423024877713,HIGH,37.97674531676879
16,1,Rain,Main Road,29.43629364079382,HIGH,44.24094061548482
17,3,Rain,Main Road,5.036512963663646,HIGH,8.683280231503351
8,5,Cloudy,Residential,9.986667750188527,MEDIUM,14.749526642226389
15,4,Sunny,Highway,13.117876396664126,LOW,15.621846594798619
17,2,Cloudy,Highway,15.770579792093818,HIGH,26.74345768339869
7,3,Sunny,Highway,16.67707190147785,MEDIUM,22.853463108131358
17,3,Rain,Highway,10.51830394901791,HIGH,16.08912789351526
18,3,Sunny,Main Road,21.075480652717168,HIGH,38.31915512007474
7,4,Sunny,Highway,25.13539508922336,HIGH,39.19795779415754
7,0,Cloudy,Residential,11.92703752612232,HIGH,19.960325804998973
15,6,Sunny,Main Road,27.186706835542637,LOW,29.791387058895015
0,3,Rain,Main Road,28.366370677370515,MEDIUM,36.83034991487789
20,4,Sunny,Residential,11.88144828985345,HIGH,19.27350514091389
23,1,Sunny,Highway,9.941116670636116,LOW,10.79279348117758
19,1,Sunny,Highway,23.143596111282935,HIGH,38.48533057156536
9,6,Rain,Main Road,8.848236927374662,MEDIUM,12.500343622854674
17,1,Rain,Main Road,7.713110499983151,HIGH,14.181117079100993
7,5,Sunny,Main Road,22.842425316620965,HIGH,36.829801960427496
18,4,Cloudy,Main Road,8.93492892920515,HIGH,18.284322379218207
13,1,Rain,Main Road,11.979384704628997,MEDIUM,17.291043601274083
0,1,Cloudy,Main Road,14.388153212621447,LOW,16.28844799306347
22,1,Sunny,Highway,23.425089437564754,LOW,25.62008427105551
12,5,Rain,Residential,23.440306711328095,MEDIUM,30.45035919031341
1,4,Rain,Residential,27.110525346207048,MEDIUM,34.65076318766605
8,2,Cloudy,Residential,8.404498813321833,HIGH,13.067319291724614
7,5,Rain,Highway,17.948876646873025,HIGH,30.496875614067697
10,3,Sunny,Residential,11.907781770965435,HIGH,21.292660177670502
0,6,Rain,Residential,5.605180275232675,MEDIUM,7.4208507079071
18,0,Sunny,Residential,9.76055042460186,HIGH,18.98135628811796
17,5,Cloudy,Highway,24.68664464184009,HIGH,37.611991834116274
21,0,Rain,Residential,12.246544911065945,MEDIUM,16.899008905875114
21,4,Rain,Main Road,12.179595062721367,HIGH,18.824104236242498
9,4,Rain,Highway,12.852840866790201,HIGH,19.8186251461693
1,0,Rain,Main Road,27.144819283040768,MEDIUM,34.178699817622054
8,4,Sunny,Main Road,14.443029307388048,MEDIUM,21.42417017033
16,1,Cloudy,Main Road,21.53309763390532,MEDIUM,28.765528135219412
1,4,Rain,Highway,20.625422721685695,LOW,20.87783360121752
17,3,Rain,Main Road,24.663080572847466,HIGH,44.93244052042868
16,1,Sunny,Highway,6.517794144863388,LOW,7.592854997148726
8,6,Rain,Highway,27.25512462776032,HIGH,45.84884654884476
20,1,Rain,Main Road,17.461180590177698,HIGH,35.84379753239118
16,5,Sunny,Main Road,11.694985971269604,MEDIUM,14.039442983773936
9,5,Sunny,Residential,19.285510712337878,HIGH,29.53338125376438
7,3,Rain,Highway,14.206412867130611,HIGH,24.179651911874988
8,0,Cloudy,Highway,25.550922935862857,MEDIUM,35.908350096315786
11,6,Cloudy,Highway,9.664727189257587,LOW,9.93472986531122
6,6,Rain,Highway,21.71660935219505,MEDIUM,27.28899076523289
16,4,Sunny,Highway,23.269501833052406,LOW,25.07418544199964
5,6,Cloudy,Main Road,23.137366692065466,LOW,22.40956603059668
9,5,Rain,Highway,29.828150654763988,MEDIUM,42.82966615865112
6,6,Rain,Main Road,19.678038901663164,HIGH,31.36649083032727
2,0,Rain,Residential,16.368597769404094,MEDIUM,21.006862084183783
6,1,Rain,Highway,20.771839894127652,LOW,24.54230318550905
7,0,Cloudy,Highway,23.08402036816638,HIGH,38.73031739237196
10,3,Sunny,Main Road,29.018498417117353,HIGH,52.53104805759733
16,0,Sunny,Highway,10.2175888457054,LOW,10.444172651480695
10,6,Cloudy,Highway,18.74351086614784,MEDIUM,27.077093982072977
20,5,Cloudy,Main Road,23.231528863990526,HIGH,44.479325215019344
19,5,Sunny,Main Road,14.197621161070208,HIGH,23.80897474818618
2,6,Sunny,Residential,20.982211897497514,LOW,21.18099470397535
16,3,Cloudy,Highway,19.66392709674195,MEDIUM,24.11044553082123
6,4,Rain,Residential,8.697058013361234,MEDIUM,11.867044817866232
8,0,Rain,Residential,26.431931989402926,HIGH,47.7306013637745
11,5,Sunny,Main Road,10.941216366808028,MEDIUM,14.504172219587067
16,5,Sunny,Highway,23.658572831896404,LOW,23.037890165676778
1,4,Sunny,Main Road,14.764743484152538,LOW,16.307934306337497
0,3,Sunny,Residential,16.39071883124847,LOW,17.512450725062113
5,6,Sunny,Main Road,27.437340643356254,LOW,24.22700769119469
18,0,Cloudy,Residential,26.18579288670237,HIGH,48.069045265352806
16,6,Cloudy,Main Road,23.741583631025453,LOW,27.524423896531793
14,6,Sunny,Main Road,12.461006424841596,MEDIUM,15.021960086015467
4,3,Sunny,Highway,10.84368643260292,LOW,8.895866325126518
21,2,Cloudy,Residential,22.349179278696734,MEDIUM,30.377715140157367
22,0,Cloudy,Main Road,19.352187361899396,MEDIUM,26.400383368220435
5,3,Rain,Residential,19.319684472638286,MEDIUM,27.078380622813555
21,2,Rain,Residential,20.116501368488116,HIGH,33.8159999503734
14,0,Rain,Main Road,8.629526223105303,HIGH,13.442221830818683
4,2,Rain,Highway,12.360187549381212,MEDIUM,15.159793193787403
6,1,Sunny,Highway,9.623864933696831,LOW,10.614480944278133
4,6,Cloudy,Main Road,19.09787844118639,LOW,20.542062846473396
4,3,Rain,Highway,16.4295374162107,LOW,18.21983734311453
6,2,Rain,Residential,10.702758863567144,HIGH,16.958660759977047
20,1,Rain,Highway,21.431479509373336,HIGH,34.32846511494731
0,2,Cloudy,Residential,7.945131991356248,LOW,8.9122124714583
17,6,Sunny,Main Road,19.762803309244152,MEDIUM,29.32213979974294
17,3,Rain,Main Road,13.617935591735865,HIGH,27.404172692217106
13,0,Rain,Residential,27.057171938143213,HIGH,42.79251176576813
3,2,Sunny,Main Road,14.96676227850245,LOW,15.785105660603575
16,2,Rain,Highway,26.36592306745315,MEDIUM,31.81656580726373
21,6,Rain,Main Road,20.009811034551443,HIGH,31.63343999665482
12,4,Sunny,Highway,7.030352627544671,LOW,7.609145419973604
0,0,Sunny,Main Road,18.195309425887885,LOW,18.73412786182363
19,0,Rain,Main Road,6.358088376584815,HIGH,11.16747319338799
18,3,Rain,Main Road,20.674441893333217,HIGH,34.490953230298096
15,3,Cloudy,Residential,12.037523834172259,MEDIUM,15.457582683029345
12,6,Cloudy,Residential,8.250719531683623,MEDIUM,10.809288012317323
20,6,Cloudy,Main Road,28.077251398506593,HIGH,52.4875267128544
0,3,Rain,Residential,18.33840065874142,LOW,20.83438093238751
4,2,Cloudy,Residential,28.26527613610932,LOW,32.09964698595515
2,3,Sunny,Highway,26.238637156060125,LOW,23.925705164109896
19,1,Sunny,Main Road,7.815500687597517,HIGH,13.882601274199617
21,2,Sunny,Main Road,17.393702109551576,MEDIUM,21.26194036975477
6,3,Sunny,Residential,18.629719856517045,MEDIUM,24.867299070838953
5,6,Rain,Main Road,6.194640647778497,LOW,7.164858050912542
9,0,Sunny,Main Road,10.122257896149296,MEDIUM,14.736888005680449
3,1,Cloudy,Residential,24.77342059829427,LOW,26.60891550556904
5,5,Sunny,Main Road,27.356655787794825,LOW,23.81783040113225
16,3,Sunny,Residential,18.653126794870484,MEDIUM,25.941723610500073
19,3,Sunny,Main Road,26.664588307278922,HIGH,42.21405963813304
3,6,Rain,Highway,18.58779383479277,LOW,18.822283874600597
23,0,Cloudy,Residential,19.715289798490396,MEDIUM,29.41463028210587
14,3,Rain,Highway,15.066483516414468,MEDIUM,20.408222151310007
4,6,Sunny,Main Road,24.11340076518272,LOW,23.242086872211726
7,5,Cloudy,Main Road,21.847075924131488,MEDIUM,31.527215758263903
17,3,Sunny,Residential,11.62271518352156,HIGH,20.980567175497853
5,0,Rain,Highway,13.1848136275759,LOW,13.324526577533522
18,4,Rain,Main Road,10.880479594685337,HIGH,22.404914643835923
5,1,Sunny,Main Road,24.959627470730062,LOW,27.523584604554813
17,3,Rain,Residential,22.918776477017705,HIGH,43.99063497009433
19,2,Rain,Residential,17.805140866626214,HIGH,35.43886686544598
17,4,Cloudy,Highway,22.38200907685475,HIGH,36.2731453468813
12,3,Cloudy,Main Road,9.899718712879361,MEDIUM,13.29268752976513
8,3,Sunny,Residential,6.587027259060875,HIGH,11.51129986199917
17,3,Cloudy,Residential,8.747926998329119,HIGH,16.760427928621457
4,6,Sunny,Main Road,17.90292154565533,LOW,15.435558456410739
10,5,Rain,Highway,14.964841351574186,MEDIUM,19.837066099418642
0,5,Cloudy,Main Road,14.52347977602642,LOW,13.461366535666869
8,4,Sunny,Residential,13.565787198484239,HIGH,22.29293913014981
12,3,Rain,Main Road,9.90268117568533,HIGH,15.013419882175429
20,1,Rain,Residential,23.48401307613648,HIGH,45.66324100775659
6,4,Rain,Highway,13.50465174855684,LOW,15.350083248376318
17,6,Cloudy,Residential,29.734528536379543,HIGH,48.21263014983433
12,4,Sunny,Residential,10.556760792308493,MEDIUM,14.145924942080095
7,6,Rain,Highway,18.99833796743588,HIGH,29.412185210124612
12,6,Rain,Main Road,5.390810260527552,MEDIUM,7.432279479914502
6,2,Rain,Residential,7.999444469390447,HIGH,13.023423455487368
3,3,Rain,Main Road,9.120372244508903,MEDIUM,11.311417987327419
1,0,Cloudy,Highway,14.863268827568827,LOW,13.705074114035098
6,0,Sunny,Residential,9.33774150276745,MEDIUM,12.174276591780934
23,6,Rain,Highway,10.953720919565061,LOW,11.124485419768018
4,5,Rain,Highway,12.086970089075486,LOW,13.49907398438551
16,0,Rain,Residential,18.093024952875023,HIGH,29.48584515212412
0,2,Cloudy,Highway,10.875248433035274,LOW,9.980919099951631
4,2,Rain,Main Road,15.402077633583758,MEDIUM,21.317032021088526
14,4,Cloudy,Main Road,12.466254357731469,MEDIUM,15.43338197533954
23,5,Cloudy,Residential,20.804310019972956,MEDIUM,28.813085913127725
19,2,Sunny,Residential,8.222421054642965,HIGH,16.992237271780905
22,3,Cloudy,Highway,8.403131837504825,MEDIUM,10.807383726116695
11,5,Sunny,Residential,21.183501273097043,LOW,24.226923881809718
3,6,Cloudy,Main Road,6.731064395670579,LOW,6.200680268204751
17,5,Sunny,Residential,7.509234525991505,HIGH,11.419141874286252
18,4,Rain,Main Road,8.601809497845256,HIGH,17.071275570079635
20,6,Cloudy,Residential,28.736437650894405,HIGH,50.34560607159138
23,5,Sunny,Main Road,12.197831610059517,MEDIUM,15.817734282471683
22,4,Sunny,Residential,8.34314465344394,MEDIUM,11.282780751165294
20,0,Rain,Main Road,20.601696463786826,HIGH,37.35802052484251
13,2,Cloudy,Highway,10.098925850828099,LOW,11.892533053664534
12,4,Rain,Highway,21.628932665293565,LOW,25.7578626741791
8,5,Cloudy,Residential,20.693363224273604,HIGH,33.98760020402342
19,0,Rain,Residential,23.547533536995438,HIGH,43.15543812480942
1,4,Sunny,Residential,15.988412976330252,LOW,16.228883482009465
21,1,Sunny,Main Road,24.680291361584207,MEDIUM,33.88188999690324
5,6,Sunny,Main Road,9.544731447946997,LOW,8.475096661330872
13,1,Sunny,Residential,15.67750133562888,MEDIUM,20.03216408959781
9,1,Rain,Residential,8.596823892827093,HIGH,17.632510567471556
18,6,Rain,Highway,13.005092582841241,HIGH,22.511412716197707
23,3,Sunny,Highway,25.206045805119313,LOW,26.56251886232874
8,6,Cloudy,Residential,25.2690865757088,HIGH,42.23636095684082
18,3,Sunny,Highway,19.276080238508165,MEDIUM,28.765992654034644
21,4,Cloudy,Residential,27.766587044615466,MEDIUM,40.435778329564094
4,4,Rain,Residential,11.075679907699735,MEDIUM,14.411964750176667
11,3,Rain,Residential,26.57445401964534,MEDIUM,39.06078889019691
17,3,Rain,Residential,27.12063548445739,HIGH,52.50302507761097
6,5,Rain,Residential,22.62382236840488,MEDIUM,30.33294752348987
1,6,Sunny,Highway,5.433425470838356,LOW,4.552075222540279
18,6,Rain,Main Road,7.737020973156162,HIGH,11.843587083623577
2,0,Sunny,Residential,19.429711022876216,LOW,22.861337908902808
11,5,Sunny,Highway,12.569766454182469,LOW,11.812983565385313
19,6,Sunny,Highway,19.413729387444334,HIGH,32.115076822662154
19,0,Sunny,Main Road,6.210411569716535,MEDIUM,9.196937885285132
3,6,Rain,Residential,29.002849955175957,LOW,31.67833308859644
21,0,Sunny,Highway,14.564551413561457,LOW,14.175384417581144
19,5,Sunny,Main Road,8.399669327400503,HIGH,12.653093327551478
7,1,Rain,Residential,23.242023366333772,HIGH,38.23601547097216
17,0,Rain,Highway,16.383581282687654,HIGH,30.27522092566283
9,1,Sunny,Highway,12.11126085793775,HIGH,18.78436410896832
4,2,Sunny,Residential,21.623087101921303,LOW,23.973270776746272
4,0,Rain,Highway,22.515642353682424,LOW,26.80651216698936
2,6,Rain,Residential,21.378909722200792,MEDIUM,27.133729281492524
22,4,Cloudy,Highway,24.409074652412546,LOW,26.59823682298236
11,4,Cloudy,Residential,14.167265219123799,MEDIUM,18.1224955381334
2,5,Sunny,Highway,8.521145692113787,LOW,7.325725649432729
15,1,Rain,Main Road,11.948269356099695,MEDIUM,17.625152571741463
2,3,Cloudy,Residential,5.559509808633687,LOW,6.111957744275788
3,2,Cloudy,Main Road,28.822861512015606,LOW,30.278754466553575
22,5,Cloudy,Highway,11.24243599523749,LOW,11.365281371611761
20,3,Cloudy,Main Road,27.32606332503996,HIGH,45.64937198144593
11,2,Cloudy,Main Road,26.087632732928263,MEDIUM,35.47546189831111
8,3,Cloudy,Highway,7.764005780988111,HIGH,11.649021184852474
1,1,Sunny,Residential,24.813248033183203,LOW,26.44068320134167
2,3,Sunny,Main Road,17.90699784506549,LOW,19.703723101644393
21,2,Cloudy,Highway,8.703303559263679,LOW,9.494354627074127
14,0,Sunny,Residential,6.061265619208446,MEDIUM,7.804945970055222
7,2,Sunny,Highway,25.324928848115572,MEDIUM,34.85596858727007
15,2,Sunny,Main Road,9.374515659027892,MEDIUM,11.870788035985663
5,2,Rain,Residential,21.909153266872,MEDIUM,29.651803585089198
6,0,Rain,Highway,13.344067670212088,MEDIUM,19.176128242223765
5,6,Cloudy,Main Road,25.958267792589005,LOW,25.505285440783005
7,6,Sunny,Residential,26.34374053683195,MEDIUM,36.0037499606392
3,2,Cloudy,Residential,19.732854817981526,LOW,23.15991930919377
21,3,Sunny,Main Road,5.933768417620631,MEDIUM,7.444487983228995
17,0,Rain,Residential,23.93218079580625,HIGH,45.48563152836043
7,5,Rain,Highway,12.9166477144617,MEDIUM,19.06868835144258
20,6,Rain,Main Road,28.231525702881797,HIGH,53.26550152725188
6,3,Rain,Main Road,22.12889282410553,MEDIUM,32.594854953353156
13,3,Sunny,Highway,10.407089644103388,LOW,11.326557770276569
8,1,Sunny,Highway,24.054877631798302,MEDIUM,34.66122436668568
16,5,Rain,Residential,12.227647040572748,MEDIUM,17.85945584995128
8,1,Cloudy,Residential,8.489164640439105,HIGH,13.732909413063968
5,0,Sunny,Main Road,6.373061694396183,LOW,6.287677299672128
21,5,Cloudy,Highway,26.240484142841552,LOW,29.909944440529266
22,6,Rain,Residential,17.82388094728327,MEDIUM,26.563978192071186
2,3,Sunny,Residential,25.90700707165558,LOW,28.385616197045426
21,4,Sunny,Highway,29.262705174576148,LOW,32.83521255969359
4,1,Sunny,Main Road,28.670078232917437,LOW,32.52681987682209
7,4,Cloudy,Residential,14.34498206482601,HIGH,25.026971886698334
17,0,Cloudy,Main Road,13.004953614114829,HIGH,22.735450482936894
18,0,Cloudy,Residential,15.080737637636009,HIGH,29.580460509525498
15,5,Rain,Main Road,24.78658217291337,MEDIUM,36.58735785154933
12,4,Rain,Main Road,21.61458567444022,MEDIUM,28.73375065857876
8,6,Sunny,Residential,15.588069839867389,HIGH,24.93859281145856
5,3,Cloudy,Residential,27.344070264786467,LOW,31.59309620963013
3,6,Cloudy,Residential,24.946604568323735,LOW,25.06800919056379
19,3,Rain,Residential,12.075999646463728,HIGH,22.941845428133114
19,3,Sunny,Main Road,16.326494163219,HIGH,24.558290698394032
17,2,Sunny,Main Road,8.558492317759848,HIGH,16.4912401719863
20,3,Cloudy,Residential,18.66779750679763,HIGH,32.12479467331504
8,4,Cloudy,Residential,22.417195719072367,HIGH,36.602009240800236
12,3,Sunny,Residential,16.12935796416224,MEDIUM,21.69770673507408
2,0,Cloudy,Highway,10.361294932423306,LOW,10.24372031948109
11,5,Rain,Residential,25.371584252127466,MEDIUM,36.133869341634195
23,3,Sunny,Main Road,9.66450918112185,MEDIUM,12.141139112109302
16,0,Cloudy,Main Road,24.493971360858303,MEDIUM,34.976835348854664
9,3,Sunny,Main Road,8.11423328077041,MEDIUM,10.988140187312492
6,5,Cloudy,Main Road,5.706374046895272,MEDIUM,7.0888390136703325
23,0,Rain,Highway,22.504865165556193,MEDIUM,28.4849007017435
17,5,Sunny,Main Road,16.543126559504856,HIGH,26.165325149019342
16,6,Sunny,Highway,25.99336578072012,LOW,26.344905035106805
17,3,Rain,Residential,18.46009385164951,HIGH,36.5355811245961
19,4,Cloudy,Main Road,28.257744779199953,HIGH,46.89544308232184
10,4,Cloudy,Main Road,25.08948226643849,MEDIUM,35.74309412254497
5,0,Rain,Main Road,29.86710052216725,MEDIUM,38.60459429672305
3,0,Cloudy,Highway,15.562054008760684,LOW,15.017264707607648
17,6,Cloudy,Highway,15.531220643667133,MEDIUM,21.222447421128127
10,2,Rain,Highway,14.47457318855601,MEDIUM,19.320911647756862
4,2,Rain,Residential,11.255443800040993,MEDIUM,15.925869642311792
8,6,Rain,Residential,20.33476159626767,HIGH,33.21234637132738
9,2,Cloudy,Main Road,17.250732585092315,HIGH,27.162903373283903
9,6,Cloudy,Highway,9.80718794861054,MEDIUM,13.866384963009104
8,6,Cloudy,Main Road,24.581977674887725,HIGH,40.8297915505806
12,5,Cloudy,Residential,20.206003626254102,MEDIUM,25.5350574856229
5,0,Sunny,Highway,12.352808151588578,LOW,11.352672962429521
15,5,Rain,Main Road,12.765406631163524,LOW,14.732267682362451
8,5,Sunny,Highway,14.312731756031312,MEDIUM,21.408729038117105
16,5,Cloudy,Highway,5.152982167991425,LOW,5.828272096322269
15,5,Cloudy,Residential,8.196303769179396,MEDIUM,11.52324385535405
0,6,Cloudy,Main Road,8.372750430221858,LOW,8.658667413525654
4,5,Sunny,Highway,6.336780414709995,LOW,5.374802357638198
7,3,Cloudy,Residential,19.71855504987691,HIGH,32.20236136550353
20,1,Cloudy,Main Road,28.69969999679478,HIGH,47.24612577265978
7,4,Cloudy,Main Road,14.050729460439813,HIGH,24.77353075344866
13,2,Cloudy,Residential,14.1856808001561,MEDIUM,18.607283375588057
2,0,Sunny,Highway,8.854095737385519,LOW,8.303473991275554
19,6,Rain,Residential,29.42876314581436,HIGH,56.51765961010924
12,6,Sunny,Highway,21.612451205676386,LOW,21.328941011872793
6,6,Rain,Residential,14.487674326651355,MEDIUM,21.10551924698781
1,6,Sunny,Residential,24.600954165128034,LOW,25.337872374314426
6,0,Cloudy,Residential,29.85824894026409,MEDIUM,44.44019464699711
8,4,Sunny,Main Road,26.194261541500385,HIGH,46.22192879984278
22,6,Rain,Residential,7.595924123134877,MEDIUM,9.97796773663096
2,6,Cloudy,Main Road,29.722464414732524,LOW,29.13576095644805
1,6,Rain,Highway,25.48623106164489,LOW,25.376973296643545
17,0,Sunny,Residential,22.156010242348714,HIGH,42.41135621605272
7,5,Rain,Highway,8.677089053509919,HIGH,13.507305014981815
19,4,Rain,Main Road,29.70429979010035,HIGH,60.978971908801725
19,0,Cloudy,Main Road,17.031021449486758,HIGH,31.907741056918372
21,1,Cloudy,Main Road,10.813779874970983,MEDIUM,15.655390795818505
12,5,Cloudy,Highway,11.69499042112402,LOW,12.225190590412685
7,1,Rain,Highway,8.773696902354418,MEDIUM,12.515527404044455
5,4,Sunny,Highway,17.92702758068853,LOW,16.428193434316984
6,1,Sunny,Highway,6.119552518467293,LOW,6.266256336994716
0,0,Sunny,Residential,18.05053893214833,LOW,18.837292585205905
0,4,Rain,Residential,21.786825818537864,MEDIUM,29.626099302811152
0,4,Sunny,Main Road,9.733770782625552,LOW,9.356850887157368
23,1,Rain,Main Road,28.213904410474875,MEDIUM,41.91884072078982
1,6,Cloudy,Main Road,15.52850406300991,LOW,14.965811678870317
18,2,Rain,Highway,5.871730223977921,HIGH,10.214660933600618
12,1,Sunny,Main Road,25.434243383925473,MEDIUM,31.90593983229668
12,3,Sunny,Main Road,5.4886289877704115,MEDIUM,7.454762109944547
21,3,Cloudy,Main Road,7.300688265604106,MEDIUM,9.317444849801278
2,5,Sunny,Residential,26.01808653991839,LOW,28.827927169725907
17,2,Sunny,Main Road,20.352962504689565,HIGH,39.2663709011248
15,0,Rain,Residential,5.376109847293094,HIGH,8.702592758243814
9,4,Sunny,Main Road,18.357395813915055,HIGH,29.065716728610003
19,3,Sunny,Residential,10.85199604554765,HIGH,19.508437546294225
18,0,Cloudy,Residential,29.875162668922577,HIGH,55.24630400877803
11,6,Rain,Main Road,9.515252143707377,MEDIUM,13.470849610886942
7,1,Sunny,Highway,8.31752624951544,HIGH,12.826776496564863
20,4,Rain,Residential,25.775925344355734,HIGH,46.0071241411646
0,6,Rain,Main Road,28.36310821384195,MEDIUM,34.38673102088483
3,3,Cloudy,Main Road,12.269683239248831,LOW,13.032657843668964
5,6,Sunny,Highway,18.545266664209638,LOW,15.120172428196167
22,4,Cloudy,Highway,15.893561368113595,LOW,16.53447430111455
18,0,Cloudy,Highway,25.279069004046345,HIGH,45.63052137334475
8,1,Sunny,Residential,13.66528613139228,HIGH,22.11773975313983
10,3,Rain,Highway,5.072153628789229,HIGH,7.92522574570766
0,5,Rain,Highway,28.452423463448387,LOW,23.843939247272488
8,0,Cloudy,Highway,10.28180297972277,MEDIUM,13.450495847682804
5,4,Rain,Main Road,27.185604036062863,MEDIUM,33.066636806479224
20,6,Rain,Highway,9.022944101849069,MEDIUM,12.332182325592688
17,6,Cloudy,Highway,17.036758114753493,MEDIUM,23.271183841121033
2,0,Rain,Main Road,29.368114210856277,MEDIUM,38.961384051909256
21,0,Cloudy,Highway,15.685091853303987,MEDIUM,19.116339477318483
14,0,Rain,Highway,9.990239263298015,LOW,11.251360479019937
0,0,Cloudy,Main Road,27.651273887727605,MEDIUM,33.33074499432237
9,4,Rain,Main Road,22.478171045526036,HIGH,39.41660945226619
13,4,Rain,Residential,10.333463636265042,HIGH,15.734284119038987
15,6,Sunny,Main Road,25.90830928323836,LOW,30.33003164814856
15,1,Cloudy,Residential,7.066061499196548,MEDIUM,9.693228228980574
1,1,Cloudy,Residential,21.59969587079694,LOW,25.0588328916985
6,6,Rain,Main Road,15.946259881562288,MEDIUM,20.40758279717868
16,0,Cloudy,Main Road,29.47533990175836,MEDIUM,39.39408326910096
7,5,Cloudy,Main Road,28.273723487172653,HIGH,42.81004841226813
20,6,Cloudy,Main Road,27.8751125071011,HIGH,49.056803066046385
22,0,Cloudy,Main Road,16.224641021317733,MEDIUM,20.70648045008382
18,1,Rain,Highway,19.85166550316183,HIGH,32.32122345515018
15,5,Rain,Main Road,23.26549675828895,MEDIUM,31.833778879610254
3,3,Rain,Main Road,7.368868068051899,LOW,8.697586262631694
14,5,Cloudy,Highway,22.16844042813353,LOW,22.555462169249996
10,6,Cloudy,Residential,28.51241932868172,HIGH,45.92266742305766
10,6,Rain,Main Road,26.798073493312845,HIGH,43.913877684367094
2,2,Sunny,Main Road,10.364969533462757,LOW,11.345136694202878
20,5,Rain,Residential,11.490741752116854,HIGH,21.342343018596768
15,0,Cloudy,Residential,9.781570815392733,MEDIUM,12.337633703324336
23,4,Rain,Main Road,21.09783247635706,HIGH,32.296232151038986
12,2,Rain,Residential,10.405795009775964,HIGH,16.33922295149478
3,0,Cloudy,Main Road,8.151412669138551,LOW,8.169857167856277
9,0,Sunny,Residential,12.497297344144618,HIGH,20.103745223783015
20,2,Rain,Residential,27.29767221478045,HIGH,53.195688947100805
11,5,Rain,Main Road,8.662698165644818,MEDIUM,11.822691747458679
18,0,Rain,Highway,14.944586562214969,HIGH,25.184526286845912
17,3,Rain,Main Road,16.937516231605397,HIGH,29.255350430121982
8,5,Rain,Highway,22.91641114088957,HIGH,39.64218655789063
11,6,Sunny,Highway,5.069477109728474,LOW,4.863936826529535
10,0,Sunny,Highway,20.82207760735207,HIGH,31.90724723467752
12,2,Cloudy,Highway,27.47109867467787,LOW,28.651585087617292
1,5,Sunny,Residential,28.675623829044802,LOW,30.888209103893622
3,0,Sunny,Residential,24.686372956623934,LOW,29.06378945672919
21,0,Cloudy,Highway,5.14046498336023,LOW,6.027981751868943
7,0,Sunny,Highway,7.209656198327631,MEDIUM,9.698654825039021
0,2,Rain,Main Road,28.94219431565631,MEDIUM,40.328189169751596
17,6,Rain,Main Road,13.081940534936239,HIGH,24.394370568899486
9,1,Cloudy,Highway,10.773629239434609,HIGH,16.603500718758582
0,5,Sunny,Main Road,14.251099890791458,LOW,14.211671794771386
0,5,Rain,Highway,5.027434324348513,LOW,5.160809197911539
17,0,Sunny,Highway,15.786227081049985,HIGH,28.08444501264496
23,5,Sunny,Highway,13.814291079883343,LOW,14.838899116098272
23,0,Rain,Main Road,19.138584787857408,MEDIUM,28.249971291774486
11,2,Rain,Residential,7.038825811879713,HIGH,10.944422157751633
15,1,Rain,Residential,7.354909364454399,MEDIUM,10.783284946667981
10,1,Cloudy,Residential,24.139696994478967,HIGH,44.4693958865888
19,1,Rain,Residential,16.98979670167243,HIGH,31.8194531916505
1,5,Sunny,Residential,8.452552700065329,LOW,8.09115727163062
6,4,Cloudy,Residential,8.186520678041884,MEDIUM,12.239248536913637
1,2,Sunny,Main Road,11.968615294857821,LOW,13.88577928650221
23,6,Rain,Residential,7.74265596010517,MEDIUM,10.135836440917307
0,5,Sunny,Residential,20.68256946928546,LOW,19.135822628425988
22,5,Sunny,Highway,26.30938267916451,LOW,26.281920888717373
22,0,Sunny,Main Road,22.946308328576997,LOW,27.267648573607964
2,3,Cloudy,Highway,15.17894991738082,LOW,12.598913618793588
22,6,Rain,Highway,28.372568158093245,LOW,33.575753096953264
7,1,Sunny,Residential,5.572943995103478,HIGH,8.424789630839289
21,5,Sunny,Main Road,12.463449310161192,MEDIUM,16.588982209691544
16,1,Sunny,Highway,11.591766187537736,LOW,13.629805357123763
2,4,Cloudy,Main Road,9.055058984241589,LOW,9.637097995332843
15,0,Rain,Highway,14.17231224586494,MEDIUM,18.543468430011053
12,3,Sunny,Main Road,10.846697036256307,MEDIUM,13.374067302159125
12,2,Cloudy,Highway,12.579917382674946,LOW,14.642649917434124
14,3,Cloudy,Highway,22.12144525836586,LOW,25.464500911006784
0,2,Rain,Residential,14.423220375045169,LOW,16.63700464290788
3,0,Cloudy,Highway,11.393160525046687,LOW,11.17820459393337
20,4,Rain,Main Road,11.663876338583627,HIGH,21.651910560248407
1,4,Rain,Main Road,28.728588593439884,MEDIUM,36.89113060348789
13,1,Rain,Highway,23.10887219591716,MEDIUM,32.47608352008288
12,2,Sunny,Highway,18.992640439204024,LOW,21.86396002247599
9,3,Sunny,Main Road,21.667761105597613,MEDIUM,32.08532962600754
6,6,Sunny,Residential,11.022140770693929,LOW,12.858042438651523
12,0,Cloudy,Residential,11.676904553509303,MEDIUM,17.07774071985071
21,2,Cloudy,Main Road,24.901650855975486,MEDIUM,35.13477269464401
23,6,Rain,Main Road,28.67473602283156,MEDIUM,40.13669846477229
12,3,Rain,Residential,24.42301867581713,HIGH,39.69269812049299
4,0,Sunny,Main Road,12.138767721120098,LOW,11.800308412490269
10,6,Rain,Main Road,17.70113924286111,HIGH,32.801380969655625
11,4,Cloudy,Main Road,12.552176312401794,MEDIUM,15.954379941844156
8,1,Sunny,Main Road,24.42299096237951,HIGH,37.767926217850615
3,6,Cloudy,Highway,29.94240620503162,LOW,27.7694360885825
13,6,Sunny,Main Road,24.418788760292323,MEDIUM,31.413057291377925
13,1,Rain,Main Road,10.650136825488847,HIGH,16.372796495835278
21,5,Sunny,Main Road,28.50366702877548,LOW,31.41174474586781
11,5,Rain,Main Road,7.309452167926398,MEDIUM,10.555641385368308
8,5,Sunny,Main Road,27.229503636405536,HIGH,41.104755811201755
21,3,Sunny,Highway,17.43050213791347,LOW,20.133977365653962
21,0,Rain,Residential,15.27305345919591,HIGH,24.065615502826514
14,3,Sunny,Residential,15.74936732655484,MEDIUM,20.50576603260166
0,0,Cloudy,Highway,21.14263743672798,LOW,19.33117453985971
14,4,Sunny,Highway,28.189289297172962,LOW,30.716404565654287
1,0,Sunny,Highway,17.09612337059059,LOW,14.643325787624496
5,2,Cloudy,Residential,26.167046939090458,LOW,28.743648394571373
18,5,Sunny,Highway,24.076595715805144,HIGH,36.49576451551919
1,1,Sunny,Highway,14.452086430496417,LOW,12.394014588521603
12,1,Rain,Highway,20.02332624883863,MEDIUM,26.366769944413925
11,1,Rain,Main Road,29.15900521266651,HIGH,43.82704802386411
7,1,Sunny,Highway,20.99841577806044,HIGH,32.90087812454911
6,4,Rain,Residential,9.357658326891094,HIGH,15.297479957341675
7,6,Cloudy,Highway,8.230066453411649,MEDIUM,11.402243533869022
1,4,Cloudy,Highway,17.786266242607972,LOW,16.405110507342552
5,6,Sunny,Main Road,5.964359771212616,LOW,5.459372527076238
17,1,Rain,Residential,19.005516587220132,HIGH,37.98440695124556
20,3,Rain,Main Road,18.353309195401014,HIGH,32.00416809335514
8,1,Sunny,Highway,29.49195123647611,HIGH,49.048313205156624
4,1,Rain,Residential,5.4221831699349785,MEDIUM,6.593434041243543
17,5,Rain,Residential,8.857074997826459,HIGH,17.42092895840398
11,3,Sunny,Main Road,9.576011900054826,MEDIUM,13.024263161188355
11,5,Sunny,Main Road,11.056079237370959,MEDIUM,13.702428356786006
2,6,Rain,Highway,18.289316008877357,LOW,17.047538261475264
15,5,Cloudy,Highway,26.419296331497,LOW,27.85474911981122
21,0,Sunny,Main Road,9.362869523706403,MEDIUM,11.912593101771083
12,1,Rain,Residential,16.838164675394253,MEDIUM,24.96074164829804
1,2,Cloudy,Main Road,19.216924286023055,LOW,22.530711057151038
13,5,Cloudy,Highway,6.937329129544352,LOW,7.501530820884371
21,0,Rain,Residential,14.39938139029314,HIGH,23.189458487082415
5,0,Cloudy,Highway,25.28008683344123,LOW,21.84620162664872
2,4,Rain,Main Road,7.402349586776503,MEDIUM,9.167602655415621
18,1,Rain,Main Road,27.648423527671937,HIGH,53.592309716478994
1,4,Rain,Main Road,10.390485948732746,LOW,12.106971976579239
19,6,Sunny,Highway,15.946227731562091,MEDIUM,21.27957510680949
18,4,Rain,Residential,16.878858068724785,HIGH,34.74377658302705
20,5,Rain,Residential,22.324221191698197,HIGH,37.995343592491736
0,4,Rain,Residential,24.6409427706559,LOW,28.81940253487216
3,4,Sunny,Main Road,26.05412260135989,LOW,28.093588254426376
9,4,Rain,Main Road,24.988522477757336,HIGH,37.820937972666506
17,3,Cloudy,Main Road,12.729670693121015,HIGH,23.109542491560546
18,3,Cloudy,Highway,15.494739714305053,HIGH,24.099916685794835
8,6,Cloudy,Highway,5.5763397378299455,MEDIUM,7.254637052364309
12,2,Rain,Main Road,20.41146751241227,HIGH,30.900169596625236
20,2,Sunny,Residential,22.398635927616976,HIGH,36.756810104323556
18,3,Rain,Highway,9.481156425179325,HIGH,15.171697217941375
6,3,Cloudy,Highway,29.686203539066597,MEDIUM,35.72422347876081
17,6,Rain,Main Road,20.293101480877198,HIGH,37.56441880197338
8,6,Cloudy,Residential,10.53516620907775,HIGH,16.75613106494116
18,4,Rain,Highway,23.824537397820677,HIGH,38.3181061651326
14,2,Sunny,Residential,27.022938219763187,MEDIUM,36.790305404693655
21,6,Rain,Residential,19.03393096687968,MEDIUM,26.443597701942874
15,5,Sunny,Residential,21.725196469122995,MEDIUM,27.120050885484645
8,0,Sunny,Highway,7.590283559139478,MEDIUM,9.237835624353188
4,0,Rain,Highway,7.878588225770976,LOW,8.191309368381349
16,2,Sunny,Main Road,20.757431408344836,MEDIUM,27.008265141157413
18,1,Sunny,Highway,11.11084625314188,MEDIUM,14.934850311251985
9,3,Sunny,Highway,23.088362479757222,MEDIUM,29.402479211140367
23,6,Cloudy,Highway,8.409010503214809,LOW,8.267402204014328
16,5,Rain,Main Road,9.757864648619176,MEDIUM,14.608477375739836
13,6,Sunny,Residential,20.23709860041754,MEDIUM,25.809390445583976
8,5,Cloudy,Main Road,14.69715737202899,MEDIUM,21.38648331629654
9,1,Sunny,Main Road,8.939283254144366,HIGH,15.109977433562857
6,2,Cloudy,Main Road,9.577789877564298,MEDIUM,11.858481971183286
14,5,Rain,Main Road,17.610867385091538,MEDIUM,25.203907024610228
1,4,Rain,Main Road,22.768890542508363,MEDIUM,30.33838545480853
1,1,Rain,Highway,21.165828828264804,LOW,24.046604511144082
6,0,Cloudy,Highway,26.0368097421782,LOW,28.328324881264187
1,1,Sunny,Residential,20.237548750698576,LOW,21.017156326052557
10,5,Sunny,Highway,10.026046211547508,MEDIUM,12.900892089663888
0,1,Cloudy,Main Road,19.340422673431505,LOW,18.345861400838498
6,2,Cloudy,Main Road,16.02433019647762,MEDIUM,22.70005990701878
11,6,Sunny,Main Road,26.39756948256272,LOW,30.69827234861826
10,1,Rain,Highway,9.339019447191433,HIGH,15.981731750870367
7,5,Rain,Residential,24.239561866655038,HIGH,45.259032551144244
4,0,Sunny,Residential,12.400127771953617,LOW,13.81876092258279
23,6,Sunny,Highway,16.355472117233894,LOW,15.508061654885452
11,0,Cloudy,Residential,15.339678622091528,MEDIUM,22.58037907986109
3,6,Cloudy,Residential,20.901557671089435,LOW,22.330699092352557
5,2,Sunny,Main Road,13.994018964435673,LOW,15.583947394145346
4,6,Rain,Main Road,20.723057677659753,LOW,20.548780940526655
18,6,Rain,Main Road,14.631934649162538,HIGH,28.11864755552628
7,3,Sunny,Residential,9.690662110479458,HIGH,17.192711927090066
3,1,Sunny,Highway,29.483160497089155,LOW,25.094550272404955
7,5,Cloudy,Residential,18.819972875701012,HIGH,33.77898340348749
2,3,Sunny,Main Road,12.28370113178826,LOW,12.152687454481482
4,2,Sunny,Residential,29.290610406440933,LOW,32.41640407273173
10,5,Sunny,Main Road,7.550591560576759,MEDIUM,10.633835543108207
7,1,Rain,Main Road,9.544697546130003,HIGH,15.093211570197486
5,3,Rain,Main Road,22.127480322664393,MEDIUM,29.9757957604585
6,5,Rain,Highway,22.30890190966026,MEDIUM,28.82480472509919
0,2,Rain,Residential,17.477393729346723,MEDIUM,23.642860820691865
5,0,Cloudy,Residential,22.077913950667373,LOW,26.294405944619676
10,1,Rain,Main Road,17.420879911143082,HIGH,33.899324534492564
6,1,Rain,Residential,12.913310157901577,MEDIUM,18.857548982842697
5,1,Cloudy,Residential,8.840273994493646,LOW,9.813270580102163
19,1,Sunny,Residential,14.222135985773916,HIGH,25.92022644699678
3,0,Cloudy,Main Road,10.459157571576817,LOW,11.555158851877295
12,1,Cloudy,Highway,16.581808825652125,MEDIUM,19.98053891035705
23,2,Rain,Highway,6.0686349927381515,MEDIUM,7.661310146821697
20,5,Rain,Main Road,7.4274010573572955,HIGH,12.600290156541595
8,4,Rain,Highway,22.609311985883707,HIGH,36.797248233909954
3,6,Sunny,Highway,14.302829904329643,LOW,12.414204832170645
17,1,Cloudy,Residential,15.428909312148663,HIGH,27.164939039644956
18,0,Rain,Main Road,11.553596920570733,HIGH,22.994256729474596
21,0,Sunny,Main Road,9.441534088927739,MEDIUM,13.03372647700209
20,4,Cloudy,Highway,25.797707571401887,HIGH,41.240496480522154
9,6,Cloudy,Residential,12.76980533731557,HIGH,21.71272426315303
3,4,Sunny,Residential,28.254049836866315,LOW,30.535556259612235
0,2,Rain,Highway,6.136803307444248,LOW,6.48665427736503
9,5,Cloudy,Residential,27.925914429123424,HIGH,45.49492536148924
14,1,Cloudy,Residential,20.235259122040393,MEDIUM,28.200835882529525
5,4,Rain,Highway,7.772341619311988,LOW,7.585356163723013
0,5,Rain,Residential,9.202287589429016,MEDIUM,12.118619638216028
6,4,Cloudy,Highway,26.824204380877532,LOW,28.3571029478121
7,4,Sunny,Residential,22.744609341381302,HIGH,40.20285893587127
13,6,Rain,Highway,21.49961895837512,LOW,24.457810073929835
5,6,Cloudy,Main Road,28.339059621852936,LOW,33.17310203241167
16,4,Cloudy,Residential,24.740094595172245,MEDIUM,36.67030045223447
2,4,Cloudy,Residential,7.851117939366551,MEDIUM,9.805818391273574
12,1,Cloudy,Main Road,7.618871302871434,MEDIUM,9.635146001960354
2,1,Sunny,Residential,17.646037301253887,LOW,19.990827447464408
4,0,Rain,Residential,26.228716803361067,MEDIUM,34.54630724928673
19,5,Sunny,Residential,16.92176795105763,HIGH,28.20666863213459
15,3,Cloudy,Highway,21.26606547151669,LOW,24.712499605640968
0,5,Rain,Residential,7.511278885658941,MEDIUM,9.86761712749475
14,3,Sunny,Main Road,27.95552222117185,MEDIUM,36.384099378504835
18,6,Rain,Residential,11.173745457272561,HIGH,20.895706079468315
22,6,Rain,Highway,22.537380082679768,MEDIUM,28.328028206129183
19,6,Cloudy,Residential,25.735824684463587,HIGH,40.144846058296615
5,2,Cloudy,Highway,20.058599276995047,LOW,19.703283428273558
9,1,Rain,Residential,5.561870344924145,HIGH,9.806210530367332
18,2,Sunny,Main Road,19.35235768905578,HIGH,29.624334508700105
19,3,Cloudy,Residential,21.99289167263182,HIGH,37.76096359723162
12,2,Sunny,Residential,9.838531241328958,MEDIUM,12.938826717212319
13,3,Sunny,Main Road,25.97239242090574,MEDIUM,32.541384833687054
23,4,Rain,Residential,7.670446037732344,HIGH,11.728216130794323
10,0,Rain,Highway,21.5720335468668,HIGH,36.894289487281554
3,6,Sunny,Highway,14.961789686147307,LOW,13.407797134490018
1,0,Rain,Highway,11.76398939166987,LOW,12.768879560247296
17,4,Rain,Residential,9.748847312281656,HIGH,19.057341696592
17,4,Sunny,Residential,19.87510981725405,HIGH,36.09324324382481
3,4,Cloudy,Main Road,29.60619991002487,LOW,33.60817453415012
0,0,Sunny,Highway,6.148106656904712,LOW,5.456210945034036
3,4,Rain,Main Road,21.126232818384796,MEDIUM,26.511568608016674
17,2,Rain,Highway,25.636700547910277,HIGH,48.45127475376967
14,4,Sunny,Residential,24.029250457855383,MEDIUM,34.84882221334404
16,3,Sunny,Main Road,26.954671785745592,MEDIUM,34.78117464316481
6,3,Cloudy,Residential,8.071881094501435,MEDIUM,11.324176364549254
4,4,Rain,Highway,14.8348665021263,LOW,15.900973566250798
12,6,Cloudy,Highway,12.522086974233112,LOW,13.719576045163977
19,4,Cloudy,Main Road,8.423175460738385,HIGH,16.63764808428881
3,4,Sunny,Main Road,10.897796007889294,LOW,12.025384768018606
0,2,Cloudy,Main Road,17.010007891946763,LOW,18.678999332206818
19,1,Rain,Main Road,13.15643969377921,HIGH,22.730830786122844
0,3,Sunny,Highway,12.186746473054761,LOW,10.91451207195998
19,0,Sunny,Residential,11.228421329406359,HIGH,16.903734147531882
2,5,Cloudy,Highway,28.0783927773686,LOW,24.6155970132338
17,5,Rain,Residential,11.159519332924019,HIGH,19.932790437519227
18,5,Cloudy,Highway,22.031696223038832,MEDIUM,31.986711321275862
10,3,Cloudy,Residential,7.100834892806907,HIGH,10.82006268534807
1,2,Cloudy,Residential,7.318653512434354,LOW,8.55948220997746
20,1,Cloudy,Highway,12.439077727191224,HIGH,20.96790922283579
14,0,Cloudy,Residential,12.50700639604178,MEDIUM,17.0807274879734
19,1,Sunny,Main Road,10.78420022285178,HIGH,17.327401607440073
16,1,Cloudy,Highway,26.846173105298597,LOW,28.277323229291856
19,1,Cloudy,Highway,17.82449634269518,HIGH,28.415646259631803
11,6,Sunny,Main Road,18.58262644619082,LOW,20.80990826088555
21,0,Cloudy,Highway,8.055678390929536,LOW,9.049954704868437
10,5,Sunny,Main Road,25.30419498789627,HIGH,43.52880314712276
11,3,Rain,Main Road,9.699788110803322,MEDIUM,13.328309597047872
23,3,Sunny,Residential,25.226804241070614,MEDIUM,32.04577088358761
6,6,Cloudy,Highway,19.69151929106586,LOW,21.315594687462497
10,0,Rain,Residential,19.37788914625295,HIGH,38.204961121037634
17,2,Cloudy,Highway,19.435986060083266,HIGH,30.754969683321402
5,0,Rain,Highway,18.50756447658892,LOW,18.94122299556368
9,3,Cloudy,Residential,28.44707520950581,HIGH,53.95461564337541
21,4,Rain,Main Road,19.57097313752624,HIGH,30.62243201451018
15,2,Rain,Residential,19.27536669159857,MEDIUM,27.608173476728002
18,0,Sunny,Highway,6.786427654532227,HIGH,11.070331776944679
21,5,Rain,Highway,25.500042128871936,LOW,29.776049582058526
2,3,Sunny,Main Road,23.7653190606459,LOW,25.63946119387849
10,6,Sunny,Main Road,24.87012586108685,MEDIUM,35.401924733750114
12,4,Sunny,Highway,9.555630260355667,LOW,10.360274649760905
10,6,Cloudy,Residential,7.851923513293397,MEDIUM,11.717317736461174
8,2,Rain,Highway,27.187699157943236,HIGH,41.85939292244908
23,4,Rain,Highway,25.83486283297951,MEDIUM,32.743751440827765
13,3,Rain,Highway,10.525279012157142,MEDIUM,12.857287678786829
16,4,Sunny,Residential,16.616986237687023,MEDIUM,23.474810773676115
6,1,Rain,Main Road,5.499379773834496,MEDIUM,7.820458784093424
0,1,Rain,Highway,26.320781963598957,LOW,28.348684064473268
3,1,Rain,Main Road,6.056563402333813,MEDIUM,7.77073416302687
16,5,Sunny,Highway,12.085176618348857,LOW,11.857251301294665
12,0,Cloudy,Residential,24.876869169439708,MEDIUM,33.27910481661124
14,0,Sunny,Residential,13.716973943571931,MEDIUM,18.022126491068704
11,1,Rain,Highway,22.607862689926176,MEDIUM,30.888789084966373
13,0,Cloudy,Residential,28.890659453700998,MEDIUM,40.93030480450962
12,1,Rain,Main Road,19.20249551272716,MEDIUM,27.947272291585882
7,3,Rain,Residential,6.064683433626709,HIGH,10.169839816408384
14,0,Sunny,Residential,19.862533551049268,MEDIUM,27.84290766343012
10,1,Cloudy,Highway,18.031000286751762,MEDIUM,26.366537998503258
13,0,Sunny,Highway,20.586296096290642,LOW,22.3771171538595
6,2,Rain,Residential,27.976152840929682,HIGH,44.262500579242136
1,1,Rain,Residential,18.671573437978033,MEDIUM,23.64160464771887
13,1,Cloudy,Highway,28.340673159289185,LOW,32.325383293036445
14,0,Rain,Residential,10.747918336089267,MEDIUM,14.829002229914325
1,3,Cloudy,Main Road,11.503193209911235,MEDIUM,13.99985049253065
22,0,Rain,Highway,9.328330327878948,MEDIUM,12.653337675977582
8,6,Cloudy,Main Road,7.797145742118101,HIGH,13.122845383203991
4,6,Cloudy,Highway,16.33781881367453,LOW,16.10192706352854
3,6,Sunny,Main Road,25.978593049962146,LOW,24.708761451083834
9,1,Rain,Residential,24.000167124479532,HIGH,47.43623103503129
20,5,Cloudy,Residential,10.561117405499907,HIGH,17.6044417991692
3,1,Rain,Highway,20.12607131385363,LOW,19.502163197583034
20,6,Cloudy,Highway,9.657242734907399,MEDIUM,12.577795894517095
8,0,Rain,Highway,26.55891114285043,MEDIUM,39.32137725093788
14,3,Sunny,Highway,11.713273703672348,LOW,13.043355196009925
15,5,Rain,Residential,11.802784856353844,HIGH,17.954022582874927
20,0,Sunny,Residential,17.06802962619569,HIGH,30.379648489670526
4,1,Cloudy,Residential,28.80295031994881,LOW,31.21672416708304
12,2,Rain,Main Road,10.117152479166581,MEDIUM,13.302165598613
4,1,Cloudy,Highway,11.625368228625828,LOW,11.587390562114209
3,4,Rain,Highway,5.886150857884233,LOW,6.321628647744345
1,3,Sunny,Highway,18.65388359862497,LOW,15.529822571189756
4,6,Sunny,Highway,19.863920460496313,LOW,16.739303707184067
4,0,Rain,Main Road,9.914846906302525,MEDIUM,12.672952471511762
19,2,Sunny,Highway,7.39449227134377,MEDIUM,10.89435714164312
0,0,Cloudy,Highway,20.383398432560103,LOW,18.746201820706105
5,0,Sunny,Highway,18.513396645523034,LOW,16.559319661260535
2,5,Cloudy,Main Road,8.56337617815246,LOW,8.360337098383376
8,5,Cloudy,Highway,29.96984032839126,MEDIUM,37.30225696833415
0,3,Cloudy,Main Road,11.121960171882492,LOW,12.753269279298046
9,6,Sunny,Highway,14.013647799235711,LOW,16.147155814603618
18,2,Sunny,Highway,28.858746463911302,HIGH,46.20503156389145
8,2,Rain,Main Road,24.945907563449826,HIGH,42.08004264285813
5,3,Rain,Residential,13.828056103700078,MEDIUM,17.788356135511236
14,4,Cloudy,Residential,18.929784116168772,MEDIUM,26.710233672218905
22,2,Rain,Residential,13.768889328827475,MEDIUM,19.518699093518087
10,4,Rain,Highway,9.268238284703937,HIGH,15.588527223542773
23,4,Rain,Main Road,11.382481470512129,HIGH,18.037026491383976
13,1,Sunny,Main Road,14.484229422943159,LOW,16.841464178895762
9,3,Cloudy,Highway,17.77929614283171,MEDIUM,23.588464270706744
18,0,Rain,Highway,17.26739236928074,HIGH,30.58135890300456
1,3,Rain,Residential,23.152490959333495,MEDIUM,34.37924143208811
12,4,Rain,Residential,8.196438743473164,MEDIUM,11.668276799196667
16,3,Cloudy,Main Road,28.613722799454614,MEDIUM,36.166014772023104
13,2,Cloudy,Main Road,9.687291411316805,MEDIUM,12.026822521195877
23,5,Cloudy,Residential,28.47001056047969,MEDIUM,34.41374477174539
6,0,Sunny,Highway,5.45434265370364,LOW,5.957129884524792
22,3,Cloudy,Highway,19.843592440938554,LOW,23.146209102901363
18,0,Sunny,Main Road,7.977773809096549,HIGH,14.776773692115036
2,3,Rain,Residential,20.694389893164505,MEDIUM,27.544415628647975
23,6,Rain,Residential,18.298313495716258,MEDIUM,27.196795867405594
17,6,Rain,Main Road,12.505039226883401,HIGH,25.129159364082128
15,2,Cloudy,Highway,6.015761504073104,LOW,6.477497196518006
8,5,Sunny,Highway,15.864050894741098,MEDIUM,23.218861158643442
3,4,Sunny,Main Road,7.311672952427118,LOW,8.102750488429065
10,4,Sunny,Residential,29.071318806122218,HIGH,45.65663940573205
8,6,Rain,Highway,6.710339703228106,MEDIUM,8.94445242876471
12,4,Rain,Residential,11.259571441148138,HIGH,18.0541260260409
4,5,Sunny,Highway,6.464004730905675,LOW,5.6647928040385045
22,6,Rain,Highway,22.217958254180033,LOW,26.195033268344584
9,0,Sunny,Main Road,8.518460324719676,HIGH,13.144844952606409
8,5,Cloudy,Highway,16.689224695302826,MEDIUM,24.789779979183454
7,2,Cloudy,Highway,5.210531669605382,MEDIUM,6.774697516161122
4,4,Rain,Main Road,7.6795717978760685,LOW,8.580325570864447
20,2,Cloudy,Residential,5.4474729833872395,HIGH,9.612123363946054
14,4,Sunny,Highway,6.384534922335701,LOW,6.810008040628224
17,1,Rain,Highway,16.457030863811433,HIGH,24.9878821235532
4,4,Rain,Residential,15.680392397315014,MEDIUM,18.872573789704663
17,5,Cloudy,Highway,17.44396227140511,MEDIUM,25.18350027045572
8,2,Cloudy,Residential,6.1500874479571435,HIGH,12.23663911757957
13,1,Rain,Main Road,14.570483830797935,MEDIUM,20.218654788543866
11,3,Rain,Residential,24.963739556432053,HIGH,43.159534126488744
8,1,Cloudy,Residential,29.02756315131779,HIGH,43.944480978596566
10,6,Sunny,Residential,21.98472353186786,HIGH,35.70912129191004
0,4,Cloudy,Main Road,22.589809337489275,LOW,24.767055423268403
4,6,Sunny,Main Road,29.58912694390647,LOW,30.96326565722457
17,3,Rain,Main Road,24.752672803317253,HIGH,42.29353305050627
1,5,Sunny,Main Road,5.376118353847307,LOW,4.937794919206926
18,3,Cloudy,Highway,8.138851790743598,MEDIUM,11.672079111798077
23,3,Rain,Main Road,18.692093855209716,MEDIUM,27.587418637307785
8,4,Rain,Main Road,9.09067372920312,HIGH,15.403138519395057
22,2,Cloudy,Residential,25.459008233238272,MEDIUM,35.92449891108073
6,4,Rain,Highway,18.27991041294331,LOW,21.11305412183355
7,2,Rain,Residential,24.723875501658807,HIGH,49.382730365736236
16,4,Cloudy,Residential,25.0342687628745,MEDIUM,36.347566535600876
0,2,Sunny,Highway,29.824082673293052,LOW,26.73501290528909
9,1,Rain,Residential,11.974147275511497,HIGH,22.39508878015392
12,0,Cloudy,Residential,23.599354466621172,MEDIUM,32.88730842678533
3,5,Rain,Residential,26.807376389435753,LOW,28.549921076961716
3,4,Cloudy,Residential,25.701799093229077,LOW,28.45314756284109
8,0,Sunny,Highway,12.445350646783332,HIGH,19.202877586064968
22,3,Rain,Highway,19.742350172742395,MEDIUM,26.988100421778505
3,5,Cloudy,Highway,24.013990459534305,LOW,19.813186774936284
16,2,Sunny,Residential,21.20035437585699,MEDIUM,30.42509763311629
10,6,Cloudy,Highway,20.717157930225195,LOW,23.199453363100993
3,0,Cloudy,Highway,18.952792720586906,LOW,17.565340067076157
4,6,Cloudy,Residential,24.011319811686516,LOW,24.622721005686667
22,4,Sunny,Residential,16.749541382481894,MEDIUM,21.74803058894113
19,6,Rain,Residential,29.696103368736296,HIGH,48.074668631405814
7,0,Cloudy,Main Road,18.99145496325403,MEDIUM,27.59729692473145
0,5,Rain,Residential,18.726024397897795,MEDIUM,23.44522056573654
8,5,Cloudy,Highway,24.960063838964768,MEDIUM,31.8528625057181
12,4,Sunny,Main Road,20.0616205611992,MEDIUM,27.392989574486496
8,3,Rain,Main Road,5.498077532077867,HIGH,10.612316487166755
22,0,Sunny,Residential,26.242611665752296,MEDIUM,36.943567808360285
4,0,Cloudy,Highway,23.39499699239434,LOW,22.74418216184397
0,3,Sunny,Highway,9.940623671557507,LOW,8.71431315466087
16,6,Cloudy,Highway,12.051732549170891,LOW,11.210885407966911
4,2,Rain,Main Road,17.584730436272622,LOW,21.061018694162225
19,6,Sunny,Highway,12.909820574922794,MEDIUM,16.783637873713932
15,5,Cloudy,Residential,18.751237651177078,MEDIUM,24.145322820863377
19,6,Cloudy,Highway,12.746454803263884,MEDIUM,17.67094982672665
15,3,Cloudy,Highway,17.264599372737916,MEDIUM,21.793870635759603
10,3,Sunny,Residential,13.424000874338972,HIGH,23.084616851919943
17,6,Sunny,Main Road,27.690184319890903,HIGH,42.24459819637493
18,3,Rain,Highway,13.534153990872312,HIGH,20.440349658654473
21,6,Rain,Main Road,9.01940387246809,MEDIUM,12.922574204233852
11,6,Cloudy,Main Road,24.3291027960509,LOW,29.096420428840403
1,6,Rain,Main Road,8.06257612289,MEDIUM,9.83934900367083
7,3,Rain,Residential,6.530035811758232,HIGH,11.138123750898977
5,3,Cloudy,Highway,26.01341566102842,LOW,23.342798508488
1,1,Rain,Highway,13.3082696906403,LOW,15.27319704392034
14,1,Rain,Residential,25.847637075978774,HIGH,39.40682316008782
14,5,Cloudy,Residential,10.171860595013356,MEDIUM,13.066764134350983
23,4,Cloudy,Main Road,15.439223924955082,MEDIUM,19.335944479230566
23,4,Cloudy,Residential,6.30295556158516,MEDIUM,9.317513213234454
16,3,Rain,Residential,10.843898686834592,MEDIUM,14.912685169493818
0,2,Sunny,Residential,18.12065756760356,LOW,21.278721939002143
18,3,Rain,Highway,28.92482737168772,HIGH,48.83279870569789
0,2,Sunny,Residential,21.405940565814568,LOW,23.745133657759016
16,4,Cloudy,Main Road,22.766998585127467,MEDIUM,30.226182433558463
0,1,Rain,Main Road,8.679064446143474,LOW,10.353165364433158
14,5,Sunny,Highway,6.4909075025779295,LOW,5.76389882122463
2,6,Cloudy,Main Road,21.281220668369386,LOW,20.29797346572042
9,1,Rain,Residential,14.29872283973173,HIGH,26.21202779316872
1,2,Sunny,Highway,25.88864248708472,LOW,25.174078624812267
5,1,Sunny,Highway,23.67193401105863,LOW,22.42466292302599
0,0,Cloudy,Highway,21.965206600263837,LOW,20.940276890825878
2,3,Cloudy,Highway,28.039778734750605,LOW,25.806348112590644
1,2,Rain,Highway,28.53405748175422,LOW,29.943412359109566
5,2,Cloudy,Main Road,19.439302165783335,LOW,22.852044869413433
14,3,Sunny,Residential,5.133234363036461,MEDIUM,6.779780084339229
10,2,Sunny,Highway,27.024410096890115,HIGH,41.536551148155276
10,0,Rain,Residential,10.474595676764864,HIGH,20.191592240755124
15,1,Rain,Highway,9.001633058266279,MEDIUM,12.695670203487808
9,6,Rain,Main Road,6.487492048263295,HIGH,12.15922940852073
14,6,Sunny,Residential,21.113031898387224,MEDIUM,26.327370558686713
20,4,Cloudy,Highway,16.316089094204074,MEDIUM,23.565093637012293
13,5,Cloudy,Main Road,23.838433811959487,MEDIUM,30.401824385446876
3,4,Sunny,Residential,6.161436581221212,LOW,6.265373911280032
9,6,Sunny,Residential,5.814360804761355,MEDIUM,7.915466390446786
5,2,Sunny,Highway,10.157249266898848,LOW,8.51065022761499
1,1,Cloudy,Residential,25.134016374384007,LOW,29.521395060793324
7,2,Cloudy,Main Road,24.90536576470612,HIGH,43.452786504145465
17,6,Rain,Main Road,22.378565069915307,HIGH,37.587122764526534
7,3,Sunny,Residential,15.668868409891182,MEDIUM,22.474242197585475
23,5,Rain,Residential,10.7622857619913,MEDIUM,13.031764488632355
18,0,Cloudy,Main Road,23.7839211148106,HIGH,41.92550681336638
1,0,Sunny,Highway,29.174521397131116,LOW,25.989220712336856
18,2,Cloudy,Highway,6.639163290413922,MEDIUM,8.743091731263133
2,4,Sunny,Main Road,13.5474456887942,LOW,14.06862002749273
12,3,Sunny,Residential,10.72700018060851,MEDIUM,13.758464857339737
13,6,Cloudy,Main Road,12.962548015852413,LOW,15.554174047125354
4,5,Sunny,Residential,15.643086046067163,LOW,14.648770417388445
5,5,Rain,Residential,27.559643959362003,LOW,29.198796635758704
11,5,Sunny,Main Road,13.865643294515662,LOW,15.939601294077997
18,5,Sunny,Main Road,10.944069599023159,HIGH,19.711352458452403
14,5,Sunny,Main Road,16.653444097463904,MEDIUM,22.131394362152555
4,0,Rain,Residential,10.906674956566835,MEDIUM,15.480058805249199
17,6,Sunny,Residential,9.508317026487322,HIGH,18.01146993559575
1,3,Cloudy,Residential,14.5550954024335,MEDIUM,18.43419538831623
18,4,Rain,Main Road,13.857253770395182,HIGH,24.850220987593747
22,4,Rain,Main Road,29.000875173749588,HIGH,43.55345263924869
11,5,Rain,Residential,9.802636025388226,HIGH,15.69981955531909
15,1,Cloudy,Highway,5.449736554111552,LOW,6.395968571980562
5,2,Cloudy,Highway,26.55658840763186,LOW,25.867389820841467
12,1,Rain,Highway,9.31533775917569,MEDIUM,11.517626458936697
23,6,Rain,Residential,15.143375055492415,MEDIUM,20.677872928729588
8,1,Rain,Highway,7.265991801597483,HIGH,13.31239006016769
9,4,Rain,Highway,19.85054120634583,HIGH,34.44169701532257
22,3,Sunny,Highway,15.247733518202216,LOW,15.91033127997103
1,4,Cloudy,Main Road,9.855132696239565,LOW,10.252061131739662
7,4,Sunny,Highway,23.433095842647962,MEDIUM,29.439655526286653
6,4,Rain,Highway,8.361719504058751,MEDIUM,10.827301194547884
12,6,Sunny,Residential,6.16942271960378,MEDIUM,7.491058935945498
1,2,Cloudy,Main Road,15.005831925365566,LOW,17.331859049471866
13,6,Sunny,Main Road,12.034504826811819,LOW,13.401468846437547
10,1,Cloudy,Highway,9.997129788878727,MEDIUM,13.934050644830025
7,5,Sunny,Highway,29.57596973839154,MEDIUM,44.099225792922994
19,2,Cloudy,Residential,7.328837097622005,HIGH,12.116806019823747
11,2,Cloudy,Highway,27.884829668116904,LOW,31.499280655343995
16,2,Cloudy,Main Road,27.35739006075755,MEDIUM,38.77448470060413
19,2,Sunny,Residential,29.36695118341649,HIGH,57.990237716642824
15,2,Cloudy,Highway,17.789926407947952,LOW,20.523311939048206
19,4,Sunny,Highway,12.494493331263442,MEDIUM,16.862848076089634
7,3,Cloudy,Main Road,24.287390684209594,MEDIUM,34.73863352543267
10,6,Sunny,Residential,25.59786829887352,HIGH,39.20274200826178
11,6,Cloudy,Residential,14.243078109874814,LOW,16.087173877323185
22,3,Sunny,Highway,17.892942397645385,LOW,20.832884378891013
0,4,Cloudy,Highway,17.521495274155757,LOW,17.192027063211103
5,0,Cloudy,Residential,11.963178186576036,LOW,13.496969618883442
18,6,Sunny,Main Road,18.340763017097967,HIGH,28.321483260626966
20,3,Rain,Highway,12.340000424930635,HIGH,21.682101731456328
14,0,Cloudy,Residential,14.379412062904683,MEDIUM,20.752816410978433
13,2,Cloudy,Main Road,8.284340105845887,MEDIUM,11.98035423768699
2,2,Rain,Main Road,27.056701163576324,LOW,32.45962459692744
1,0,Sunny,Main Road,16.884448663238956,LOW,17.705428495997108
16,2,Cloudy,Highway,22.43760769337826,LOW,26.326387207052388
7,2,Cloudy,Main Road,5.831654916975818,HIGH,10.071519773240205
13,4,Rain,Highway,10.281850700648459,MEDIUM,12.777591363994876
12,3,Rain,Highway,18.699841114322833,MEDIUM,25.18065629255618
15,4,Rain,Main Road,24.402538068831387,HIGH,38.17156535289196
13,2,Sunny,Residential,23.9981876554881,MEDIUM,31.66829852895326
15,6,Sunny,Residential,15.367750973319694,MEDIUM,18.547975604414823
16,6,Cloudy,Main Road,5.6017598774081065,MEDIUM,7.473407867065443
20,2,Rain,Highway,8.47497292392623,HIGH,13.82513072151577
13,6,Rain,Highway,18.626626108646125,LOW,19.383931776159763
1,6,Sunny,Main Road,24.07515044563623,LOW,22.054065363315225
6,6,Rain,Residential,9.43278379118772,MEDIUM,13.693352539773487
5,3,Sunny,Residential,8.847961392007685,MEDIUM,10.729826455314832
7,3,Sunny,Main Road,23.438443339321783,HIGH,42.87688384274463
9,4,Cloudy,Highway,15.130628494045189,MEDIUM,20.65401748493242
21,5,Sunny,Highway,21.864295261182395,LOW,21.47308035967083
22,0,Sunny,Main Road,13.969813357123623,MEDIUM,18.52348903289583
12,4,Sunny,Highway,20.423255663361136,LOW,22.335897991684107
8,4,Rain,Highway,28.964750207837522,HIGH,45.99275222010805
21,6,Sunny,Highway,22.43436830988118,LOW,21.630901604783304
23,4,Sunny,Main Road,16.786899436637373,MEDIUM,21.767762247694105
20,2,Rain,Highway,21.94502068942371,HIGH,37.97970775089187
1,0,Cloudy,Residential,26.272851946316237,LOW,31.235058735628705
20,4,Sunny,Main Road,5.0368174537482,HIGH,9.216778198982302
1,4,Sunny,Main Road,20.770269054610992,LOW,21.023019333796093
16,5,Rain,Highway,17.939534641918144,LOW,19.801444343025896
5,4,Cloudy,Residential,9.346331143990529,LOW,10.983836733516357
0,5,Sunny,Main Road,8.682629115197834,LOW,8.187235106417486
20,5,Cloudy,Residential,11.890252062830573,MEDIUM,17.495224368321118
19,3,Sunny,Highway,24.995226985262306,HIGH,37.85502520749794
16,1,Sunny,Highway,20.622510969647557,LOW,23.092022577358513
13,1,Rain,Main Road,12.015275819101092,HIGH,18.069516003352863
20,2,Cloudy,Residential,22.011670176185714,HIGH,40.44971911288214
23,2,Rain,Residential,8.56510436129879,HIGH,13.155381296926272
18,0,Sunny,Highway,16.46323371012357,MEDIUM,24.683376121238755
18,3,Cloudy,Residential,6.469969237209407,HIGH,11.51537195864324
9,1,Cloudy,Main Road,8.323940344985882,HIGH,14.121905893787854
22,6,Cloudy,Main Road,17.53080400710911,LOW,20.898722046260634
21,0,Sunny,Main Road,25.676726233528253,MEDIUM,32.86096827421617
4,0,Cloudy,Residential,19.248888837503163,MEDIUM,23.944860993665916
12,3,Sunny,Highway,29.01825527235365,LOW,31.114072016066437
14,4,Rain,Residential,15.193815693949126,MEDIUM,22.51217153546016
15,6,Rain,Highway,8.372211148681998,LOW,9.577648787052045
13,4,Rain,Highway,5.276990865139598,MEDIUM,6.629754871432369
18,3,Sunny,Highway,27.31350808306646,HIGH,41.266330615375686
19,5,Sunny,Residential,27.870328787199583,HIGH,44.703040709739476
17,5,Cloudy,Main Road,18.899447306016064,HIGH,31.670261132207138
0,2,Sunny,Highway,11.370173678769145,LOW,10.019275983356945
8,4,Sunny,Highway,13.184265568878885,HIGH,20.081774091458314
19,0,Sunny,Highway,15.061273353145184,MEDIUM,19.41674951345174
1,5,Rain,Residential,16.660259017710807,MEDIUM,21.830611871440922
9,5,Rain,Residential,10.670721615274822,HIGH,17.03905861104074
0,1,Rain,Residential,17.392653584740525,MEDIUM,21.775034378208936
18,4,Rain,Main Road,21.110684411083344,HIGH,42.904207118927424
22,1,Cloudy,Highway,13.237663027101144,MEDIUM,16.042473647379126
10,6,Sunny,Highway,19.25569261098058,MEDIUM,26.194890285866407
19,2,Rain,Residential,15.016969242152262,HIGH,30.865241638117308
1,5,Cloudy,Main Road,18.348702738379792,LOW,20.700881966323898
14,4,Cloudy,Main Road,7.512601006114351,MEDIUM,10.015247519539438
20,5,Rain,Main Road,26.23935275648259,HIGH,43.28902437770616
5,2,Sunny,Highway,21.416211462425284,LOW,19.43853220963123
3,0,Sunny,Main Road,17.254799622272714,LOW,17.085118052476858
11,0,Sunny,Main Road,7.1540248314979165,MEDIUM,9.753567107921963
4,5,Cloudy,Residential,23.605271137473192,LOW,24.136455671008203
14,0,Sunny,Main Road,23.29406007823506,MEDIUM,31.004959703780905
14,2,Rain,Residential,5.002135667899758,HIGH,7.69719382035288
13,6,Sunny,Highway,12.880331014552166,LOW,12.152359106223349
13,2,Sunny,Residential,6.7823110868088134,MEDIUM,9.003302761551394
17,6,Cloudy,Highway,17.083031552858003,MEDIUM,22.449814016733566
11,3,Sunny,Main Road,5.925985091369327,MEDIUM,7.75439169811804
0,2,Cloudy,Residential,23.549690410318544,MEDIUM,28.915513450696558
8,2,Rain,Residential,14.810015311292721,HIGH,26.071208109122516
20,3,Cloudy,Highway,6.264460624206149,MEDIUM,8.031891946202316
9,2,Cloudy,Highway,18.48940604856078,HIGH,32.97624521381219
22,4,Sunny,Highway,7.035872601768354,LOW,7.785969228151825
12,6,Sunny,Residential,23.284623704833088,MEDIUM,28.81271824653159
21,2,Rain,Residential,23.593578417048185,MEDIUM,35.172732746200545
5,4,Rain,Main Road,7.263575600614051,MEDIUM,9.232066821866951
6,5,Sunny,Main Road,23.020824048206894,LOW,27.35507411057729
9,2,Sunny,Residential,27.697076482182137,HIGH,52.588998049704266
15,0,Rain,Residential,29.123863616049125,HIGH,44.671713152849215
21,5,Sunny,Residential,22.48228792383031,LOW,26.4669911009118
9,6,Sunny,Highway,7.296887747886059,MEDIUM,9.664254205405294
3,2,Rain,Main Road,18.83862073319095,MEDIUM,23.230472997098857
21,0,Sunny,Residential,21.404944360866747,MEDIUM,28.75182847802951
21,1,Sunny,Highway,12.838486177081293,LOW,13.62841056214768
15,2,Cloudy,Residential,11.962897869994094,MEDIUM,17.51718171599071
21,5,Sunny,Residential,27.385000101604742,LOW,31.308823611226423
19,4,Cloudy,Residential,11.097021620083428,HIGH,18.98289177869418
13,1,Cloudy,Highway,11.204929449915301,LOW,12.863133739082098
0,1,Rain,Main Road,6.841811042253511,LOW,8.148470529867884
14,0,Sunny,Main Road,17.92341489368766,LOW,21.401476507035397
7,0,Cloudy,Main Road,10.967650084564966,HIGH,19.108341563554156
20,0,Rain,Residential,15.72337017692288,HIGH,29.908834347699532
6,4,Sunny,Residential,7.956640718213582,MEDIUM,10.112813482221572
0,1,Cloudy,Highway,5.5826370061021375,LOW,5.2524180605952315
11,4,Cloudy,Residential,19.936395244052278,MEDIUM,25.613989857203794
12,0,Sunny,Residential,22.915195698560428,MEDIUM,30.649978099202936
11,6,Cloudy,Main Road,21.539655499473348,MEDIUM,25.99086754843024
9,5,Rain,Residential,12.037897164651337,HIGH,18.860314179053766
17,0,Rain,Residential,19.881074128540167,HIGH,37.795276760348024
9,6,Cloudy,Main Road,29.508772679817756,MEDIUM,41.19668020200494
19,3,Sunny,Main Road,22.485283763595152,HIGH,37.68711290174052
3,6,Cloudy,Highway,12.739923063993595,LOW,10.454538666496244
13,3,Sunny,Highway,9.918508297450739,LOW,11.577727329483729
0,0,Cloudy,Highway,22.02238135121167,LOW,19.694091705672253
13,3,Sunny,Main Road,15.581168542423953,LOW,18.563973542557513
4,1,Cloudy,Main Road,6.876332836074535,LOW,7.139721000720352
22,3,Cloudy,Residential,23.633437597261157,MEDIUM,32.68538015297885
14,4,Sunny,Main Road,23.067048203243875,MEDIUM,27.88393577631848
20,4,Rain,Residential,18.287927470702606,HIGH,36.49009194826782
18,1,Cloudy,Main Road,14.708581470916924,HIGH,24.3581583470635
15,2,Rain,Residential,18.989154148847994,HIGH,30.056493579589922
5,1,Rain,Residential,16.95671741805318,MEDIUM,22.42697533990028
0,6,Rain,Highway,19.091548730732608,LOW,17.27309251789134
4,5,Rain,Residential,22.465073890808593,LOW,25.57035563790919
8,0,Sunny,Residential,28.038984487461185,HIGH,46.42729237448146
14,3,Rain,Residential,21.318520193329388,HIGH,32.765804551948605
22,1,Sunny,Residential,18.372937192668427,MEDIUM,22.393605675611653
21,1,Sunny,Residential,7.3480182981793165,MEDIUM,9.503376870526838
6,1,Sunny,Residential,11.972507442037589,MEDIUM,15.758123593549525
2,4,Rain,Residential,8.733769969913734,MEDIUM,12.449307997512655
2,2,Cloudy,Residential,13.552412712357512,MEDIUM,16.29098036082248
18,5,Rain,Residential,6.736001149143931,HIGH,12.167989488886429
9,1,Sunny,Residential,8.868136589285925,HIGH,15.737512958001446
4,1,Cloudy,Main Road,16.685985413726815,LOW,18.66649891318649
22,0,Cloudy,Main Road,28.21449467888805,MEDIUM,36.50602190399282
17,2,Sunny,Highway,14.46130357637451,MEDIUM,18.641191793246726
16,6,Cloudy,Highway,20.754362435576308,LOW,19.30067977732806
1,1,Cloudy,Main Road,5.462565696872305,LOW,6.208909554508644
5,3,Cloudy,Main Road,8.443002583691898,LOW,9.864898379109137
0,6,Sunny,Highway,22.66471237034313,LOW,19.523720558163323
12,6,Cloudy,Main Road,23.223212672578875,LOW,27.759080747240297
3,4,Sunny,Residential,22.474570455043512,LOW,25.289037854766757
17,5,Cloudy,Residential,24.73983665507041,HIGH,38.39312507229937
10,6,Cloudy,Highway,26.66938526222401,MEDIUM,36.997270425821625
13,2,Sunny,Highway,8.294701826814853,LOW,9.084993392663263
3,1,Sunny,Highway,22.965025929371386,LOW,20.128842731158674
20,0,Rain,Highway,13.238607573493914,HIGH,21.927036349697914
22,0,Sunny,Residential,16.260750598635035,MEDIUM,23.788457718834753
4,1,Rain,Residential,22.579975335937032,MEDIUM,29.401907096738867
20,1,Cloudy,Main Road,22.878310840780873,HIGH,41.62087998222377
16,4,Sunny,Highway,10.125738577964011,LOW,11.135407711605112
10,5,Rain,Main Road,6.684813459950096,HIGH,11.309290038427585
8,4,Rain,Main Road,15.020351280634726,HIGH,29.774863605436376
8,3,Sunny,Residential,13.114182299992795,HIGH,20.700293506663755
12,1,Rain,Residential,11.036046887015031,MEDIUM,16.158095661038505
12,6,Sunny,Highway,25.985267412476848,LOW,23.116886599320353
4,0,Sunny,Main Road,13.066288075657305,LOW,15.055107153584933
13,2,Cloudy,Main Road,21.637742319477546,MEDIUM,28.969925773591942
15,2,Sunny,Highway,11.369142508182726,LOW,12.102083287007744
16,3,Cloudy,Residential,24.672412389758037,MEDIUM,33.34982693569892
11,0,Cloudy,Main Road,13.822505596159768,MEDIUM,18.86498303057327
8,0,Rain,Residential,20.290558612404283,HIGH,40.9758233055397
6,4,Cloudy,Residential,29.952788730301076,MEDIUM,41.81696951910386
1,5,Sunny,Main Road,5.49699637262737,LOW,5.376475699151043
8,1,Sunny,Residential,21.074693838360204,MEDIUM,30.695332282338118
23,0,Rain,Residential,23.397111917785203,HIGH,36.78291543687976
2,1,Cloudy,Residential,19.459660092762853,LOW,22.081664611100287
19,3,Rain,Main Road,8.373236738275667,HIGH,15.389505263743644
11,3,Rain,Main Road,18.165669145655354,HIGH,27.281940550971314
12,6,Rain,Main Road,12.47887808603367,MEDIUM,16.985807324802185
7,4,Cloudy,Residential,5.470963099649388,HIGH,8.775997904144443
21,3,Sunny,Highway,22.930676530486206,LOW,25.69305741647952
1,6,Sunny,Highway,13.844355849800179,LOW,11.791925721038208
19,6,Sunny,Main Road,9.780244984549286,HIGH,15.333266869182935
21,3,Cloudy,Main Road,18.314759812650525,MEDIUM,24.142809111934493
9,0,Rain,Main Road,23.445351955910176,HIGH,45.4908597391186
16,4,Rain,Highway,25.977476538414848,MEDIUM,33.97254351453119
8,0,Rain,Main Road,8.979337633530156,HIGH,16.49216173262061
23,5,Cloudy,Residential,18.71590483500508,MEDIUM,23.419165767557914
16,1,Sunny,Main Road,9.811745081058488,MEDIUM,12.08364298892272
6,5,Rain,Residential,7.161294104816477,MEDIUM,9.938781257512272
17,4,Sunny,Main Road,24.473485117160045,HIGH,47.663963711523564
18,2,Cloudy,Residential,18.718984200380703,HIGH,36.44798334202006
14,5,Sunny,Highway,21.34408449265308,LOW,18.465672340408833
4,1,Sunny,Main Road,21.98274143552864,LOW,23.177079847961906
13,2,Cloudy,Residential,18.553820853622142,MEDIUM,25.54798650627788
14,3,Rain,Main Road,22.581673573607596,MEDIUM,32.37526368346315
6,4,Rain,Highway,29.72082298594399,MEDIUM,38.54575578667729
14,5,Sunny,Main Road,17.854708370996434,LOW,20.407851642725554
18,2,Cloudy,Residential,29.689155371584835,HIGH,57.616169754455
6,4,Cloudy,Residential,17.793160871284805,MEDIUM,26.041726134851405
21,3,Cloudy,Highway,8.773441955036544,MEDIUM,10.903539078160238
21,4,Sunny,Residential,26.243115017887135,MEDIUM,36.93482260290863
3,1,Rain,Residential,24.72779064253352,MEDIUM,33.1348293937143
16,6,Sunny,Highway,21.22140013194082,LOW,20.95374527037412
19,0,Sunny,Highway,16.367039864163175,MEDIUM,21.768554730615644
17,1,Cloudy,Residential,20.167384574835296,HIGH,34.832815472990056
13,5,Cloudy,Residential,27.553003663964834,MEDIUM,36.42048750907556
16,4,Cloudy,Residential,24.57351485818731,MEDIUM,34.595446667466746
14,0,Cloudy,Main Road,10.903140779535299,MEDIUM,14.467480140396583
6,0,Cloudy,Main Road,13.506590245687518,MEDIUM,17.30270146478319
1,2,Sunny,Residential,7.340353750586063,LOW,8.514241373391814
7,4,Cloudy,Residential,25.554200053244212,HIGH,42.12253168701944
3,0,Cloudy,Highway,12.714219370440379,LOW,10.805983057338159
4,1,Rain,Main Road,26.270794244337747,MEDIUM,31.62563197860553
12,6,Rain,Residential,6.866194558079276,MEDIUM,9.646086342447648
1,6,Sunny,Highway,20.970239038304,LOW,17.693427247382896
9,2,Cloudy,Main Road,19.362624438517773,HIGH,32.79381707382493
13,5,Cloudy,Main Road,25.360088166156586,LOW,28.29862132761286
15,4,Rain,Highway,26.715101063069923,MEDIUM,37.46255392310344
5,4,Rain,Residential,8.68255351903781,MEDIUM,10.594179153423122
23,1,Rain,Highway,8.417628922487584,MEDIUM,11.359491314146952
9,5,Sunny,Highway,10.66597863567068,MEDIUM,12.981927249486612
17,2,Rain,Residential,11.3572372379795,HIGH,21.646421351331952
6,2,Cloudy,Main Road,26.163975907665247,MEDIUM,35.3520988712429
20,4,Cloudy,Residential,12.085886159967956,HIGH,20.39111116613234
19,0,Cloudy,Highway,16.04883626158114,MEDIUM,23.31126633974261
21,0,Cloudy,Residential,18.795284940266104,MEDIUM,26.385887457513522
9,6,Cloudy,Residential,16.987817918249213,HIGH,29.027260003526955
15,6,Cloudy,Main Road,5.645761328925193,MEDIUM,7.079456504677423
21,5,Sunny,Highway,24.2662633832987,LOW,23.14289452604506
23,0,Rain,Residential,21.145241183255337,HIGH,33.685669895904695
13,3,Cloudy,Main Road,8.077857121784833,MEDIUM,11.674894265110721
0,1,Cloudy,Residential,14.853908031297959,LOW,16.34367545083833
4,1,Rain,Residential,29.471208494190165,MEDIUM,38.4301235420227
6,5,Cloudy,Main Road,18.843168359381558,MEDIUM,23.371190327506554
14,4,Sunny,Main Road,8.742998398032915,MEDIUM,10.741632220036454
9,0,Rain,Highway,10.282218799984683,HIGH,18.17865766360943
11,3,Cloudy,Highway,26.713842788525657,LOW,28.697299036915588
4,3,Sunny,Highway,19.19029134969348,LOW,18.48998717292872
12,4,Rain,Main Road,13.900375586496262,HIGH,21.277485866327023
8,6,Sunny,Main Road,20.196398840282335,MEDIUM,27.664881954926965
17,2,Sunny,Highway,23.57377752691165,HIGH,35.678975895483916
6,6,Cloudy,Main Road,28.133989923325554,LOW,33.69321027290137
7,4,Sunny,Main Road,16.720549642113653,MEDIUM,23.96844982152855
11,2,Cloudy,Residential,23.473427872314396,MEDIUM,31.59338831326931
4,2,Sunny,Highway,11.517859119303948,LOW,10.624898264183827
18,6,Cloudy,Highway,6.588191489505222,HIGH,10.616845091446391
15,5,Cloudy,Main Road,7.368964536829438,LOW,8.296944317459346
23,5,Rain,Main Road,29.125730105342114,LOW,33.940738477065814
7,3,Cloudy,Residential,15.313819939425258,HIGH,27.294871903928414
2,4,Cloudy,Highway,6.133432912666249,LOW,5.845662985481833
10,6,Cloudy,Highway,15.163653761579619,MEDIUM,20.51725188806577
6,1,Rain,Highway,14.307193186518866,MEDIUM,18.719231897160313
1,1,Sunny,Highway,9.625487133662705,LOW,8.738672477423663
22,2,Rain,Highway,21.882002973266115,MEDIUM,27.307339513025934
9,6,Sunny,Highway,15.092895554165851,MEDIUM,20.42434076419699
18,4,Sunny,Highway,7.386211973261817,HIGH,12.046186598417655
23,4,Sunny,Highway,8.392086150661214,LOW,9.408527332928896
7,6,Rain,Highway,9.604730692662155,MEDIUM,13.66232098464869
23,4,Sunny,Highway,7.84679471667198,LOW,8.033347633286443
18,0,Sunny,Highway,21.043558749241626,HIGH,32.33373884992304
3,6,Sunny,Highway,11.081424417521319,LOW,9.588073572161633
10,1,Sunny,Main Road,9.641761724017057,HIGH,14.993655515029564
14,3,Sunny,Highway,11.59272197329436,LOW,12.516018831433325
23,0,Rain,Residential,28.768889225387806,HIGH,44.49864360361297
7,2,Rain,Residential,18.75366163197462,HIGH,33.448793874411464
12,6,Sunny,Main Road,22.20894652932205,MEDIUM,27.30077167236381
18,6,Sunny,Main Road,17.198132232582307,HIGH,28.49202271654431
20,4,Sunny,Residential,27.90305950055936,HIGH,46.66912838460974
11,1,Sunny,Main Road,26.224900443405826,MEDIUM,34.581994221298906
8,6,Cloudy,Main Road,22.99197947937636,HIGH,38.84703784302993
13,1,Rain,Residential,18.78610690836356,MEDIUM,27.874059328791784
22,6,Cloudy,Main Road,28.09447370327827,LOW,32.911519117601394
20,5,Cloudy,Highway,23.62366658175297,MEDIUM,34.34733685654435
17,2,Rain,Residential,15.729147539725714,HIGH,30.363362699750084
17,1,Cloudy,Residential,16.759722901552486,HIGH,32.45691904575325
21,0,Cloudy,Highway,13.86211578928756,LOW,15.858380698183254
16,5,Sunny,Residential,16.547615954351517,MEDIUM,20.345379105789604
12,0,Cloudy,Residential,9.151154267604563,MEDIUM,12.438408077702496
13,6,Cloudy,Residential,27.595898939590622,LOW,30.378566879368
4,0,Cloudy,Main Road,24.593858569200954,LOW,27.656684705044384
10,5,Cloudy,Highway,23.71663137863439,HIGH,35.9906856989861
12,1,Sunny,Residential,7.722119066866019,MEDIUM,10.511766260530436
18,5,Cloudy,Highway,10.380788891652896,HIGH,17.614411647749908
5,5,Cloudy,Residential,27.77607999430368,LOW,30.47101018883364
0,3,Rain,Residential,10.604909773627448,MEDIUM,14.001783141388213
3,1,Cloudy,Residential,5.688497370777386,LOW,6.492949275943215
18,0,Sunny,Highway,10.660535252024196,MEDIUM,15.370797330481366
21,3,Cloudy,Residential,25.00269036835404,MEDIUM,35.69203939776211
18,4,Rain,Main Road,7.2152726963852345,HIGH,11.897147631837345
1,0,Cloudy,Residential,7.278522421369233,MEDIUM,8.802102183359766
21,5,Sunny,Highway,6.189016150016481,LOW,6.113720833143562
4,4,Rain,Main Road,26.33039485979709,MEDIUM,32.53977077930677
2,4,Rain,Highway,11.161195094134298,LOW,12.195561203098947
23,2,Cloudy,Residential,11.52832833829432,MEDIUM,14.11663076656882
1,5,Cloudy,Residential,29.609246788788553,LOW,29.727834014667714
12,0,Sunny,Main Road,24.680111013455768,LOW,29.21982292192364
15,0,Sunny,Highway,24.56727219846571,LOW,26.397465877784096
0,1,Cloudy,Main Road,21.725172636552102,LOW,24.192740423505594
2,2,Sunny,Highway,8.313000284206632,LOW,7.099049553500755
4,3,Rain,Highway,24.315176444023127,LOW,29.038144442577316
15,3,Cloudy,Main Road,9.688057416155244,MEDIUM,12.108152122908978
20,3,Cloudy,Residential,29.265645092576506,HIGH,57.88740149105103
5,1,Rain,Highway,7.974259918248484,LOW,7.321490351228632
10,1,Cloudy,Highway,15.274116061034047,HIGH,23.146016499293786
17,2,Cloudy,Main Road,9.180517419863552,HIGH,15.262981189461843
2,0,Sunny,Residential,14.082103573343847,LOW,16.739826861186057
14,4,Rain,Residential,22.619666385200198,HIGH,34.52037203191088
19,2,Rain,Residential,29.549370063401412,HIGH,56.77005410625026
20,5,Rain,Main Road,15.817147316675205,HIGH,27.47077356270502
9,1,Sunny,Main Road,20.95378829620983,MEDIUM,29.05792553228981
20,2,Cloudy,Main Road,5.6472582479921245,HIGH,8.761831503328837
9,6,Rain,Main Road,7.780790038189332,HIGH,12.459561023829698
5,2,Sunny,Residential,17.798782707206847,LOW,18.671122540148236
20,6,Cloudy,Main Road,18.53738449504693,HIGH,28.705147148449402
17,1,Sunny,Main Road,15.191095838043937,HIGH,23.369947830978617
21,1,Sunny,Highway,8.570631063024363,LOW,8.800118394502125
0,4,Cloudy,Main Road,13.168553908602929,LOW,14.620150561627858
9,0,Sunny,Main Road,7.306735895390383,HIGH,12.332768152155651
3,1,Cloudy,Highway,22.613276301969066,LOW,23.45033208068071
10,1,Cloudy,Main Road,28.191139687899295,HIGH,45.067552117562876
0,6,Cloudy,Main Road,7.941504612482449,LOW,7.960158040702293
14,4,Sunny,Highway,8.190643885477304,LOW,8.49084201843287
9,0,Rain,Main Road,27.750837889820694,HIGH,51.38539023284813
4,6,Rain,Highway,28.245872865577503,LOW,27.280551653690146
20,1,Rain,Highway,9.382154361345329,HIGH,16.376151878756314
12,1,Cloudy,Main Road,29.533469958738753,MEDIUM,40.264560867430745
14,4,Rain,Highway,21.69085978454146,MEDIUM,29.302741748510083
14,2,Sunny,Residential,15.062436498005187,MEDIUM,19.52234336773265
10,2,Cloudy,Main Road,19.808912123025408,HIGH,30.85562110280912
18,5,Sunny,Main Road,20.0685708904171,HIGH,31.205848873685568
4,4,Rain,Residential,15.72877031094817,MEDIUM,20.748017291364324
7,1,Cloudy,Main Road,14.281366214910925,HIGH,25.05572118046327
2,1,Cloudy,Residential,19.00346924906822,LOW,20.89964428263831
20,0,Rain,Main Road,9.861281901395065,HIGH,19.72996648313692
12,2,Cloudy,Main Road,16.495799529156088,MEDIUM,23.202111844125263
0,4,Cloudy,Residential,9.604642510486446,LOW,11.115470357358069
0,6,Sunny,Main Road,7.000412802094442,LOW,7.071467100691306
12,4,Sunny,Main Road,18.36442964859988,MEDIUM,23.532983544258958
0,3,Sunny,Main Road,19.077489787525078,LOW,18.652759967266906
14,0,Sunny,Highway,10.540580983675824,LOW,11.068081682562095
9,2,Sunny,Highway,26.20808681148419,MEDIUM,36.53254477583539
16,3,Sunny,Highway,11.988353472250662,LOW,14.0515204430235
5,5,Rain,Residential,7.266146883856851,MEDIUM,9.537020537411308
0,2,Sunny,Main Road,16.60026817425603,LOW,17.229601382564223
21,1,Rain,Highway,27.496178076811173,MEDIUM,34.280837320001496
12,1,Sunny,Main Road,23.7881065594064,MEDIUM,30.27177753017448
5,4,Sunny,Main Road,18.29097054530587,LOW,19.45683719224696
1,3,Sunny,Residential,19.625966557999874,LOW,19.82411152053589
11,4,Sunny,Main Road,20.104883068653486,LOW,22.462040485620985
0,1,Rain,Residential,21.200776648072825,MEDIUM,25.98258581170473
22,5,Rain,Main Road,22.50034680445295,MEDIUM,27.075693904015147
14,4,Rain,Highway,10.67261241385163,MEDIUM,14.675749166435356
4,5,Sunny,Highway,29.05932906737006,LOW,24.785583511074982
2,2,Cloudy,Main Road,12.240632631088072,LOW,14.508647768765442
3,4,Cloudy,Main Road,9.895292721256457,MEDIUM,11.980297566546938
15,3,Cloudy,Residential,15.700277488675217,MEDIUM,20.998325534207954
13,0,Sunny,Highway,24.59383777817686,LOW,26.834737410645616
10,3,Rain,Highway,15.16948645230026,MEDIUM,22.22308715932148
2,5,Sunny,Main Road,16.961510707822363,LOW,15.038556593112498
15,5,Cloudy,Highway,13.382490881918825,LOW,13.803670418971732
2,6,Sunny,Main Road,25.46838619481007,LOW,24.866601673004894
15,0,Sunny,Main Road,26.145077450614778,MEDIUM,31.43249761181859
23,1,Cloudy,Main Road,24.32272853484946,MEDIUM,32.45165831694403
7,5,Rain,Highway,10.179476950913894,MEDIUM,14.845101034918661
19,1,Sunny,Main Road,23.87414342992785,HIGH,40.308979232373964
17,1,Rain,Main Road,15.318363521713486,HIGH,29.579780783289717
16,1,Sunny,Highway,7.459046017181729,LOW,8.060475251486725
11,1,Rain,Main Road,14.822983535535096,MEDIUM,20.8334808859123
11,0,Sunny,Main Road,9.576967469122856,MEDIUM,11.974247117107009
7,3,Cloudy,Residential,14.806297219174981,HIGH,27.326468292734507
16,3,Rain,Main Road,19.717014399517417,MEDIUM,27.20990646758056
11,6,Sunny,Highway,12.670676038935035,LOW,12.954181750818137
18,3,Cloudy,Main Road,18.345796974154055,HIGH,29.65660002414038
13,6,Sunny,Main Road,26.895401071364173,MEDIUM,35.3388060502242
22,0,Rain,Main Road,19.607669744198425,MEDIUM,27.331825424945535
4,4,Sunny,Main Road,15.92715577570284,LOW,16.364439039324086
4,6,Sunny,Main Road,27.324489521501157,LOW,26.197925219614227
21,5,Rain,Highway,12.171862369535084,LOW,13.759323453410962
3,6,Rain,Main Road,22.45286223579929,LOW,24.030771346619968
9,3,Rain,Residential,26.02189789467197,HIGH,50.44640446370335
20,5,Sunny,Residential,6.402507149887236,HIGH,10.717675203662598
12,3,Cloudy,Residential,16.131675729854166,MEDIUM,20.617279003986877
16,3,Sunny,Highway,7.820593503744082,LOW,9.319497281752438
0,6,Sunny,Residential,21.89722584895647,LOW,20.46574971033239
17,1,Sunny,Highway,15.571490200071649,MEDIUM,22.268620966741228
16,1,Rain,Residential,20.131300577050386,MEDIUM,29.92545068962513
0,6,Cloudy,Residential,21.929459991528574,LOW,23.910700458733633
17,2,Cloudy,Main Road,19.206481299398888,HIGH,34.294400365273255
11,6,Sunny,Residential,28.263211402138502,MEDIUM,35.789133531002605
2,0,Cloudy,Main Road,14.787610938721231,LOW,16.98846214142394
22,5,Sunny,Residential,26.944376462844676,LOW,32.26543779581255
23,5,Sunny,Main Road,11.382022358115272,LOW,12.074660166951645
12,3,Rain,Main Road,6.896194869112888,MEDIUM,9.806073533786284
8,4,Rain,Highway,16.932795366327145,HIGH,25.871008547055325
20,0,Sunny,Main Road,17.90799061421247,HIGH,27.626296054409845
14,4,Cloudy,Highway,7.280262105551845,MEDIUM,8.741774468832244
21,0,Cloudy,Residential,18.177881891637078,MEDIUM,24.34023633202193
2,0,Cloudy,Residential,28.196075184133317,LOW,32.975787891950006
18,4,Cloudy,Main Road,15.96351823885885,HIGH,27.322250042725305
13,0,Cloudy,Highway,22.98542892948679,LOW,26.12260836528746
6,2,Cloudy,Residential,18.477963035362556,MEDIUM,24.56242690971006
11,1,Cloudy,Highway,29.684722208877112,LOW,33.11115766206656
5,3,Cloudy,Residential,8.550656716202264,LOW,10.07227570059247
2,5,Cloudy,Residential,25.359598336310057,LOW,27.831216177309226
6,0,Sunny,Residential,13.52430969560678,MEDIUM,17.098138591703258
12,3,Rain,Residential,25.277975806472632,HIGH,38.06471832150644
22,0,Sunny,Main Road,8.144548251254076,MEDIUM,10.688063892510417
7,0,Rain,Main Road,25.454610919662457,HIGH,50.93617602241621
4,5,Sunny,Residential,16.41699939324068,LOW,16.9078273609666
15,6,Cloudy,Main Road,16.39701361206432,MEDIUM,19.905808239869224
10,1,Rain,Residential,17.01828674459331,HIGH,30.597641476093223
0,3,Sunny,Highway,6.829583951840166,LOW,6.100448012200612
6,2,Rain,Main Road,17.22149547498791,HIGH,28.184141909322953
22,5,Cloudy,Main Road,7.348391666522485,LOW,8.522086454097192
18,4,Rain,Main Road,7.7084107280146705,HIGH,14.138127011280302
14,3,Cloudy,Highway,20.18139142718166,LOW,22.66528736216317
8,0,Sunny,Residential,22.834997804210612,HIGH,36.70381587410587
4,5,Cloudy,Residential,22.816161991009356,LOW,22.605551306521118
2,4,Sunny,Main Road,11.09693117143108,LOW,10.842281934252119
22,2,Cloudy,Residential,11.081166569391904,MEDIUM,14.424085765104259
3,0,Cloudy,Highway,23.63054068798181,LOW,20.914801949965575
13,0,Sunny,Residential,5.8174175647181094,MEDIUM,7.823932603564202
21,2,Cloudy,Main Road,19.946834082848262,MEDIUM,26.928891725015106
16,4,Rain,Highway,13.95391581430968,MEDIUM,19.656248154989324
15,4,Sunny,Main Road,14.61009752796329,MEDIUM,20.81347992259339
20,3,Cloudy,Residential,25.793860077870104,HIGH,50.2895159538828
15,5,Sunny,Residential,15.191703852877506,LOW,17.148908241605852
10,2,Rain,Highway,29.712531961613188,HIGH,48.245788268782
22,5,Rain,Residential,8.531256135700477,MEDIUM,11.37075955319546
0,2,Sunny,Residential,5.602193467221842,LOW,6.476895820373987
15,0,Cloudy,Residential,10.072955364293072,MEDIUM,14.15481282660666
10,3,Rain,Highway,14.534735530293116,HIGH,24.77176825109641
1,0,Rain,Highway,19.733322533297397,LOW,22.22761681182042
16,0,Rain,Highway,25.238556701785402,MEDIUM,32.0535314989874
20,1,Cloudy,Residential,28.79598250215483,HIGH,49.401448366412936
19,5,Sunny,Residential,23.48987717742382,MEDIUM,34.23122856127912
13,0,Sunny,Main Road,14.847702676503673,MEDIUM,19.240711692657765
2,1,Sunny,Residential,20.87973561679746,LOW,24.019879502790417
18,2,Cloudy,Residential,29.53481783278931,HIGH,60.44269405878397
7,0,Sunny,Highway,29.486954202661572,HIGH,44.25178412836184
23,1,Sunny,Residential,15.81625977478822,MEDIUM,22.40481411995221
9,1,Sunny,Residential,19.613238719745617,HIGH,29.528266965215053
19,1,Cloudy,Main Road,23.33616343578591,HIGH,38.99542415058311
15,3,Cloudy,Residential,26.669348533878775,MEDIUM,36.247500431907525
16,4,Sunny,Main Road,28.17092367190635,MEDIUM,36.294030551901805
11,0,Sunny,Residential,21.36850934410696,MEDIUM,29.111595150712027
12,1,Rain,Highway,9.6018862026025,MEDIUM,12.136271657174703
18,5,Rain,Highway,16.18865658409546,HIGH,25.805840714622963
20,4,Rain,Residential,18.444392190772284,HIGH,35.83792363069851
10,4,Rain,Highway,8.389476486194662,HIGH,12.989661789294232
19,6,Cloudy,Main Road,12.40964543538867,HIGH,21.78934463611139
10,0,Sunny,Residential,28.529759596114584,HIGH,43.691289343367416
12,2,Cloudy,Residential,19.567808469472638,MEDIUM,28.174103833288168
11,6,Cloudy,Main Road,25.035809668304875,MEDIUM,31.40880479270779
13,0,Sunny,Residential,14.026524568697031,MEDIUM,17.36392072925812
8,4,Rain,Residential,9.523675986165738,HIGH,18.760843169723678
14,0,Rain,Highway,21.064011122409312,MEDIUM,27.973582775979573
4,2,Rain,Highway,6.595196434063093,LOW,7.582768887072074
18,6,Sunny,Main Road,21.539191015647344,HIGH,34.43311321042255
6,3,Rain,Highway,25.520995393221494,LOW,30.191932609308843
15,5,Sunny,Highway,28.510503980536292,LOW,28.88584668316657
13,1,Cloudy,Residential,25.123254801000975,MEDIUM,35.90979736942966
9,0,Rain,Main Road,17.37045356708198,HIGH,31.34024494363556
12,5,Rain,Main Road,27.532286384702985,MEDIUM,36.88757785661503
15,6,Sunny,Main Road,21.14853093473779,LOW,24.351086529471516
8,3,Rain,Main Road,27.408086163731863,HIGH,57.159445628753474
16,1,Rain,Residential,26.814522755829238,HIGH,44.13875643296166
21,2,Rain,Residential,28.617499215334565,HIGH,45.83939661777026
12,6,Cloudy,Residential,12.829745903674059,MEDIUM,15.472440650147172
0,4,Rain,Main Road,11.092579692428576,MEDIUM,15.139956302303043
6,5,Rain,Main Road,12.519150943282067,HIGH,19.807345255695807
1,2,Sunny,Residential,24.76113921135693,LOW,27.13557469801943
1,4,Sunny,Residential,11.72849815355484,LOW,12.589123954097047
14,1,Cloudy,Highway,27.944149372319057,MEDIUM,34.21834176999404
14,1,Rain,Main Road,27.674636569224017,HIGH,43.32738495941999
11,5,Rain,Residential,5.119679466204553,HIGH,7.7857554395948
3,2,Sunny,Residential,8.316381515772576,LOW,9.460221375635156
0,5,Sunny,Residential,7.355331799323087,LOW,7.341712923389179
19,2,Rain,Residential,21.808391117406323,HIGH,40.36687123101043
10,1,Sunny,Residential,23.122085911342435,MEDIUM,34.15734500471357
18,0,Cloudy,Highway,15.027625105896911,MEDIUM,22.027247158473454
21,3,Sunny,Residential,13.598650267535726,MEDIUM,18.43416342379035
16,1,Rain,Residential,21.922426847759137,MEDIUM,31.734937172700707
13,0,Rain,Residential,7.020541873686074,MEDIUM,10.232806241152378
9,2,Cloudy,Main Road,23.894972034592765,HIGH,36.50528329225763
4,3,Sunny,Residential,26.130026524449427,LOW,27.79425818222302
12,0,Sunny,Highway,21.695018730584625,LOW,24.883348149986286
23,6,Rain,Highway,24.026263696216414,MEDIUM,29.953172354146886
3,4,Rain,Main Road,14.806374490220799,LOW,17.62396924078433
2,4,Cloudy,Highway,5.504440402630643,LOW,5.733525919418669
13,5,Cloudy,Highway,12.769116635543636,LOW,12.304482901981359
4,5,Rain,Residential,15.469325155152603,MEDIUM,19.262286309271676
7,6,Rain,Residential,18.26481624641823,HIGH,28.512653093710284
4,0,Sunny,Main Road,20.1951677754354,LOW,19.449380990980227
21,1,Rain,Highway,24.635832444271408,MEDIUM,29.84129291270476
11,3,Cloudy,Main Road,9.620134012099081,MEDIUM,12.630777663556561
23,2,Rain,Main Road,9.852062630523019,MEDIUM,14.029875741067686
13,4,Cloudy,Highway,27.88378771311518,LOW,28.335385230085787
18,3,Cloudy,Highway,21.955091737679545,MEDIUM,31.140368837590824
21,3,Rain,Highway,14.745671395817764,MEDIUM,19.547870400863168
5,4,Sunny,Main Road,8.531364665424142,LOW,9.58475606003527
15,1,Rain,Highway,8.918272461360361,MEDIUM,10.759454984854493
10,3,Sunny,Residential,16.512735194554452,HIGH,27.099070849026607
4,4,Rain,Residential,16.280522213750313,MEDIUM,20.764529677367136
19,6,Rain,Highway,14.329002697651973,HIGH,22.786422878941273
0,1,Rain,Main Road,23.56003139296856,MEDIUM,28.753900585710824
6,5,Cloudy,Residential,13.65550281116697,LOW,16.13997140708989
7,5,Sunny,Main Road,5.212720521648782,HIGH,8.286375969820245
14,5,Cloudy,Main Road,20.635843401552624,LOW,24.463862909217173
1,0,Sunny,Residential,21.625769647241096,LOW,23.791074292548892
10,0,Sunny,Highway,12.020432013142287,MEDIUM,14.47666722226079
0,0,Sunny,Residential,21.438348320667615,LOW,22.81081561140068
17,5,Sunny,Residential,23.28010195434044,HIGH,42.54818042496266
20,3,Sunny,Main Road,26.02740276773229,HIGH,42.382867667861355
2,5,Rain,Main Road,29.758928873675504,LOW,35.62081997594669
20,3,Cloudy,Main Road,9.604681217330132,HIGH,14.85392208418707
3,6,Sunny,Main Road,27.833118403113442,LOW,25.764816389399346
0,6,Rain,Residential,18.32832329682072,LOW,20.92138512249597
3,6,Rain,Highway,20.55539449021805,LOW,20.75507896832764
4,4,Cloudy,Main Road,13.460788315066193,LOW,15.47866837203032
7,3,Cloudy,Residential,22.10888330096027,HIGH,34.240365729591
4,6,Cloudy,Highway,19.6163577873959,LOW,17.380321762067208
14,4,Sunny,Highway,14.306382083046513,LOW,15.274966035250484
16,3,Rain,Main Road,25.57910729064662,MEDIUM,37.006084596699814
22,6,Cloudy,Residential,14.519518904651475,MEDIUM,17.59042788597088
6,5,Sunny,Highway,12.42142162312345,LOW,13.687207938925306
21,2,Sunny,Residential,21.77355805454144,MEDIUM,27.230231597812324
19,3,Rain,Residential,15.537455083282465,HIGH,32.136798622007845
12,2,Cloudy,Residential,29.42393462460052,MEDIUM,38.02076087562608
12,4,Rain,Highway,5.074747768846678,MEDIUM,6.354133982635523
7,3,Rain,Highway,22.25238130296381,MEDIUM,31.959421811176135
4,6,Rain,Residential,7.840370062984643,LOW,8.564854205931175
2,0,Cloudy,Highway,14.42800934292875,LOW,14.293246429502766
5,1,Rain,Highway,12.019145317341058,LOW,11.544252220956999
22,4,Cloudy,Residential,6.335707837339919,MEDIUM,9.027776147881426
23,4,Rain,Main Road,25.815768945319785,MEDIUM,37.6357183311867
1,2,Sunny,Highway,7.661389017539567,LOW,6.750036415322483
10,3,Cloudy,Residential,23.4442341504471,HIGH,41.205169545079805
0,3,Sunny,Main Road,10.28148294088292,LOW,12.058529124426796
10,3,Sunny,Highway,29.828835652756435,MEDIUM,39.91437992130243
11,6,Cloudy,Main Road,25.44940240271547,MEDIUM,31.444410552085273
6,3,Rain,Residential,6.775764690466216,HIGH,11.164139744984883
18,5,Rain,Residential,6.338799184554043,HIGH,11.18838557935406
0,3,Sunny,Main Road,29.777703824220527,LOW,32.524905081073875
3,3,Sunny,Residential,9.861748855857492,LOW,11.439942238324562
15,4,Rain,Main Road,11.694021928756626,MEDIUM,17.20165716617348
1,1,Cloudy,Residential,9.083554931241384,LOW,10.112654623111295
7,2,Rain,Main Road,27.595134185196063,HIGH,52.45819204040496
3,1,Cloudy,Main Road,29.979763055689236,LOW,30.878177812777345
10,0,Cloudy,Main Road,6.743496178393597,HIGH,11.80737041178929
2,5,Rain,Main Road,25.80178568019178,MEDIUM,31.745732877918435
5,5,Sunny,Main Road,25.27745228955944,LOW,22.557341823719355
11,2,Sunny,Highway,23.08319720859832,LOW,24.74353556489708
12,1,Sunny,Residential,11.059035846717087,MEDIUM,15.793913598460055
16,5,Rain,Main Road,24.379251814993687,MEDIUM,33.1825475336057
18,4,Cloudy,Highway,20.740943751775674,HIGH,35.411415926111225
5,5,Sunny,Main Road,17.086379087725867,LOW,18.222713250274268
2,3,Cloudy,Residential,6.609297854181854,LOW,7.689520135420896
13,3,Sunny,Main Road,22.310264545695006,MEDIUM,28.096040734373016
0,5,Sunny,Main Road,8.315102988939032,LOW,8.031736185295326
22,4,Rain,Residential,10.738353135205507,HIGH,16.587876101066254
7,3,Cloudy,Main Road,27.544685381355887,MEDIUM,40.672419747654416
8,1,Cloudy,Residential,26.815378936567644,HIGH,42.34807241627468
8,1,Cloudy,Highway,22.442666478626982,MEDIUM,32.3897411498219
3,5,Rain,Residential,15.64491712625511,MEDIUM,19.711697614011243
9,0,Cloudy,Main Road,13.788825234846307,HIGH,22.213668135854295
1,2,Cloudy,Residential,8.35587827490306,MEDIUM,10.561223319326148
16,6,Sunny,Main Road,26.50194776730487,LOW,30.240747206478755
10,3,Cloudy,Residential,11.67919501312796,HIGH,20.983868877834055
5,1,Cloudy,Main Road,22.778124731332934,LOW,26.725124243955214
5,4,Cloudy,Highway,10.792820181187142,LOW,9.761396620300332
17,6,Sunny,Residential,21.92018229816902,HIGH,38.33118126266353
8,5,Rain,Highway,12.351402752511316,MEDIUM,18.081123272820918
6,6,Cloudy,Residential,17.934808160885787,LOW,21.15120958944787
23,4,Cloudy,Main Road,27.56324675163143,MEDIUM,35.626288568716525
9,1,Cloudy,Highway,23.186459795016795,MEDIUM,31.47294193979616
10,0,Cloudy,Main Road,10.105060588573256,HIGH,17.439363494856735
17,5,Rain,Residential,29.717404949146808,HIGH,60.812654984883295
7,4,Cloudy,Residential,26.84061276915778,HIGH,42.257728441180156
15,3,Cloudy,Highway,11.46535669600718,LOW,12.155464910684548
18,6,Rain,Main Road,11.849217999051183,HIGH,19.654159229570084
23,4,Rain,Main Road,21.674050200226027,MEDIUM,31.74927736299997
18,2,Cloudy,Highway,15.214575138091336,MEDIUM,20.45455186674486
13,4,Sunny,Highway,26.15698331237999,LOW,27.51074207047652
6,6,Rain,Main Road,24.902943251914866,MEDIUM,34.11758289459686
11,3,Cloudy,Residential,13.144809305677473,MEDIUM,18.19838232815081
0,5,Sunny,Main Road,17.284869637747548,LOW,15.915171508423533
9,5,Sunny,Main Road,20.267406569345265,MEDIUM,30.17402121647769
8,2,Sunny,Residential,13.378093276459692,HIGH,22.23315045290045
7,3,Cloudy,Main Road,6.139028581923696,HIGH,10.52399245587792
17,3,Sunny,Main Road,25.785969440454227,HIGH,42.62959333251245
14,0,Cloudy,Highway,26.112111421311845,LOW,29.10437321507326
10,6,Rain,Main Road,15.6958142937288,HIGH,26.63083526429588
20,3,Sunny,Residential,21.170625814706476,HIGH,37.85968236187211
17,6,Sunny,Residential,14.634065292004932,HIGH,23.393950983620257
0,6,Sunny,Highway,15.9818737114354,LOW,14.000977413048439
20,1,Sunny,Main Road,21.067510083440816,HIGH,37.015918835903186
22,3,Cloudy,Main Road,18.104521553227272,MEDIUM,23.27941399473732
4,0,Sunny,Residential,15.561550635030855,LOW,16.600034555532883
19,2,Cloudy,Residential,24.522075466392447,HIGH,40.97793815224093
2,5,Sunny,Highway,10.558757925552088,LOW,9.282077762986008
1,3,Sunny,Highway,27.147720204014444,LOW,22.985530754952798
13,1,Rain,Main Road,27.254804733377856,HIGH,41.22318910364007
1,4,Rain,Residential,27.870752939297752,MEDIUM,37.94106516646796
11,4,Cloudy,Residential,12.17135810294435,MEDIUM,15.839126209152315
18,2,Sunny,Main Road,23.747614409717876,HIGH,45.621696852510716
7,3,Cloudy,Main Road,15.497289254809292,HIGH,24.332503570513673
15,3,Cloudy,Main Road,7.012927328818548,MEDIUM,8.799886187015245
15,6,Sunny,Residential,24.423893132798543,LOW,29.2073135739046
1,4,Cloudy,Residential,5.837428457347442,LOW,6.565904867685786
23,2,Rain,Main Road,13.585131772638514,HIGH,21.441441497168032
11,1,Cloudy,Highway,27.84470241522133,MEDIUM,34.649855944563136
20,5,Rain,Highway,26.54252360723501,MEDIUM,38.40708916042238
1,5,Sunny,Main Road,19.622857792228455,LOW,18.728221830858075
22,6,Rain,Residential,19.192415697792427,MEDIUM,27.354510960615475
10,4,Sunny,Residential,29.041540259089693,HIGH,50.23784461719739
9,5,Cloudy,Main Road,16.216932428078763,HIGH,27.93643560823875
0,2,Rain,Main Road,23.32694142750471,MEDIUM,31.807281848010806
17,1,Rain,Residential,5.395567853073417,HIGH,10.26774189240939
18,2,Sunny,Residential,21.047596674193475,HIGH,34.331849605827145
22,1,Sunny,Residential,9.512016395898822,MEDIUM,13.417897988561188
0,2,Cloudy,Main Road,22.010227635869597,LOW,24.459811221446664
1,2,Sunny,Highway,26.89176494036604,LOW,23.607527904379584
9,3,Sunny,Highway,18.79408232695996,HIGH,30.243691393280375
16,2,Sunny,Main Road,16.380179282134822,MEDIUM,21.20761673692846
10,4,Cloudy,Main Road,7.5777900622574625,HIGH,14.63418276749036
7,6,Rain,Main Road,21.128492583643702,HIGH,39.18584536683884
13,3,Cloudy,Main Road,16.976649668523358,LOW,20.26900320438526
16,5,Sunny,Highway,8.533856078114638,LOW,9.047266118694003
10,4,Sunny,Main Road,10.250934688535752,HIGH,16.99392805160945
20,1,Rain,Highway,17.223983844812466,HIGH,30.129272578993792
18,4,Cloudy,Residential,27.154817670102535,HIGH,52.997415729266784
12,2,Cloudy,Residential,25.98758032305146,MEDIUM,37.81829193199547
5,1,Rain,Highway,28.561601127277047,LOW,29.23577934417559
2,4,Rain,Highway,23.308489780032478,MEDIUM,28.612670995774465
12,1,Cloudy,Highway,22.58943565314641,LOW,25.639088134689306
19,2,Rain,Main Road,23.61407027415635,HIGH,42.98959075408631
3,1,Sunny,Residential,12.859870075199312,LOW,13.270598165707014
2,2,Rain,Main Road,7.203026823073967,LOW,8.599426812977141
1,0,Cloudy,Highway,5.974786130675917,LOW,5.315809457087103
2,5,Rain,Highway,27.34258335967597,LOW,25.08746787359794
10,2,Cloudy,Main Road,23.53555847693425,HIGH,40.40929875734317
9,0,Rain,Residential,29.3438365280185,HIGH,53.401723975679026
19,2,Cloudy,Highway,6.376909840288764,HIGH,9.57183097618385
3,0,Cloudy,Highway,27.942951078484693,LOW,28.257960490931925
0,0,Rain,Residential,18.160907409423633,MEDIUM,23.47148218164076
12,4,Sunny,Main Road,25.605670940775013,MEDIUM,31.998681328499835
15,2,Rain,Main Road,9.262480447140241,HIGH,14.564701570370376
4,0,Rain,Highway,20.785679830422637,LOW,24.152225124015267
0,2,Rain,Highway,8.478807706767453,LOW,9.67274763420604
15,1,Sunny,Residential,20.682431767855782,LOW,24.48831263187846
1,5,Rain,Main Road,27.821724944801105,LOW,31.814767117827316
17,3,Sunny,Highway,20.25150544003549,MEDIUM,28.827857871735002
1,2,Rain,Residential,27.114600413573054,MEDIUM,36.535213743982126
16,3,Sunny,Main Road,6.097945550090842,MEDIUM,7.955593708803949
5,2,Sunny,Main Road,24.579391434530198,LOW,27.365105326321824
12,5,Rain,Main Road,6.041451230275836,MEDIUM,8.207579848439782
16,2,Cloudy,Main Road,29.073419475520158,MEDIUM,37.18179812091927
11,3,Sunny,Highway,17.870583228555322,LOW,19.649339760772992
23,3,Cloudy,Main Road,22.431423996116244,MEDIUM,30.63460597225092
12,5,Sunny,Main Road,21.17885811775493,MEDIUM,28.11030724050986
3,6,Rain,Highway,18.90031434263858,LOW,19.87188519807087
2,6,Rain,Residential,5.38559478043002,LOW,6.235341162346382
16,4,Cloudy,Residential,11.147297017298541,MEDIUM,14.058498662023446
22,6,Sunny,Main Road,16.490036139055917,LOW,19.66442943983249
4,4,Sunny,Residential,13.960176051166831,LOW,15.103566202508544
20,0,Rain,Main Road,23.217821274150662,HIGH,42.97830408892563
8,6,Rain,Residential,15.100302624458909,HIGH,26.684833654254405
21,1,Rain,Highway,14.188999007325313,MEDIUM,19.851839388613033
5,4,Sunny,Residential,18.41303342973257,LOW,19.876648621572205
4,1,Cloudy,Highway,6.043360389171092,LOW,6.102302628582822
21,6,Cloudy,Main Road,27.6661979052246,MEDIUM,33.76201337406531
17,1,Cloudy,Main Road,23.35165066285551,HIGH,40.48347681200966
7,2,Rain,Highway,7.029023680394193,HIGH,12.100848237416661
19,5,Sunny,Residential,22.500505526112853,HIGH,36.01884328826954
21,0,Rain,Residential,12.278314972432788,HIGH,19.13695078597354
14,2,Sunny,Residential,21.29784295667266,MEDIUM,29.176612120367466
10,1,Cloudy,Residential,15.156478985323142,HIGH,27.282766908817358
9,0,Rain,Main Road,16.01499284233682,HIGH,30.174455374278416
1,4,Sunny,Main Road,23.409949262499214,LOW,23.718815309753005
6,6,Sunny,Highway,23.96502333440038,LOW,22.475313009069975
8,1,Sunny,Residential,12.019108675294468,HIGH,19.92968841342903
21,4,Sunny,Main Road,14.539260046595672,MEDIUM,18.789576931408288
8,3,Rain,Residential,6.232867679543348,HIGH,10.16402460556489
0,6,Sunny,Highway,27.749733421953785,LOW,24.46110405361612
14,5,Sunny,Main Road,24.864013023887626,LOW,28.983653172668447
11,2,Cloudy,Main Road,15.420721747121062,LOW,18.34480384825909
19,3,Cloudy,Main Road,28.28487462322015,HIGH,53.551838016315536
1,5,Cloudy,Residential,10.155253483930178,LOW,10.44930419211142
22,1,Rain,Residential,25.525291372364084,HIGH,39.08912871570359
16,2,Rain,Highway,9.267812330483492,MEDIUM,12.025442674546929
20,6,Rain,Highway,18.927070097234125,HIGH,32.79138217297657
2,1,Cloudy,Highway,15.419624719735534,LOW,14.271829777084925
8,2,Rain,Main Road,5.063192182371583,HIGH,9.257988206543796
10,0,Rain,Residential,22.42418381749056,HIGH,44.773356430339625
11,0,Sunny,Residential,21.939654515682232,MEDIUM,26.920558817030894
5,2,Sunny,Residential,7.507756357908999,LOW,8.516417907815024
21,6,Sunny,Residential,24.515588254498837,LOW,28.54058635552345
11,3,Cloudy,Residential,27.44726122109227,MEDIUM,37.31087782579382
20,6,Rain,Highway,20.96617602470226,MEDIUM,31.149792320952614
10,6,Cloudy,Residential,9.368033437197921,HIGH,14.92258844552354
1,3,Cloudy,Residential,11.02477440581809,LOW,12.968266093650003
3,0,Rain,Highway,7.744745858585338,MEDIUM,9.382808812132621
9,4,Cloudy,Highway,21.580308055832337,HIGH,34.522024567196716
5,2,Cloudy,Main Road,29.048106651842875,LOW,29.743653182952855
23,5,Cloudy,Main Road,7.38076697914077,LOW,8.67601180401305
4,1,Sunny,Residential,14.167963818970728,LOW,16.10548450633766
21,5,Rain,Main Road,17.14961032324235,MEDIUM,23.141402890835433
12,0,Sunny,Residential,24.335310702972734,MEDIUM,32.59631230150487
13,1,Sunny,Highway,23.54158821256124,LOW,25.386662563664537
0,2,Sunny,Main Road,7.544049779255439,LOW,8.356187474536133
20,5,Sunny,Main Road,23.23833286372433,HIGH,38.56406577979138
22,1,Cloudy,Highway,18.899275166783383,LOW,21.993854616390692
6,3,Cloudy,Main Road,22.847116620574745,MEDIUM,28.643831131395757
12,0,Sunny,Highway,16.50293338074062,LOW,19.4787394806834
3,3,Rain,Highway,28.502930325123966,LOW,31.244493617478398
17,3,Rain,Residential,9.452449445456125,HIGH,18.529117200789585
4,0,Rain,Main Road,19.457521552298644,MEDIUM,27.453768644528104
13,3,Cloudy,Residential,11.249666838523108,MEDIUM,16.061806369808696
21,6,Cloudy,Residential,18.179704098840496,MEDIUM,22.3148800341341
8,6,Sunny,Highway,10.762098319985986,MEDIUM,13.48376717334035
8,1,Sunny,Residential,16.702388322125294,HIGH,29.783723078686148
19,1,Cloudy,Main Road,26.27664586014526,HIGH,51.84452694089939
13,3,Sunny,Residential,11.700753144949683,MEDIUM,16.38808220615945
21,0,Rain,Highway,27.85432451521548,MEDIUM,36.07038420903832
11,4,Sunny,Main Road,25.60905173890104,MEDIUM,33.38517532338417
21,3,Sunny,Residential,16.771888809237275,MEDIUM,22.67140342908499
2,1,Rain,Residential,14.75850549138416,MEDIUM,19.73324507771555
6,6,Sunny,Highway,11.596352276694583,LOW,12.124174339333264
3,4,Cloudy,Residential,18.66385567329987,LOW,21.885199047845973
9,3,Cloudy,Main Road,29.094025653620424,HIGH,51.3252012056627
5,2,Rain,Main Road,12.004100882710926,MEDIUM,14.70584366446341
17,5,Rain,Main Road,7.13320166130162,HIGH,12.013484392535611
1,1,Rain,Residential,21.0867060608929,MEDIUM,28.101112039293437
13,4,Cloudy,Highway,18.426445942110256,LOW,21.751091387658963
21,1,Sunny,Highway,28.65296540306896,LOW,29.54048243341621
10,2,Sunny,Highway,7.782302570451812,MEDIUM,11.344131111814589
0,1,Sunny,Residential,17.042083009788712,LOW,20.137438668895875
15,0,Rain,Residential,5.264177656059072,HIGH,8.487934232455824
7,6,Cloudy,Main Road,8.609530393120385,HIGH,14.550743436871878
20,3,Sunny,Highway,17.47469133646819,MEDIUM,24.21509365200269
12,4,Sunny,Residential,12.495109011042494,MEDIUM,16.47956398826947
7,6,Rain,Highway,14.67806593420927,MEDIUM,21.001130013170716
3,4,Rain,Highway,15.031950853207142,LOW,17.207394336314177
0,3,Cloudy,Residential,5.829759047414383,LOW,6.540144939864894
9,1,Cloudy,Residential,29.9512253542417,HIGH,52.05776552660124
2,5,Cloudy,Residential,19.346704278111652,LOW,19.02962462796495
14,2,Sunny,Highway,29.01813796388243,LOW,33.52305081047264
12,5,Sunny,Main Road,28.815013872808272,LOW,33.66443135846474
23,6,Sunny,Residential,22.695975026123982,LOW,26.05102717048813
19,1,Sunny,Main Road,18.630909515691997,HIGH,33.138010007697524
19,5,Sunny,Highway,15.206340693326249,MEDIUM,20.034068696142338
9,2,Cloudy,Main Road,19.347753714336484,HIGH,34.79402352689372
23,0,Cloudy,Highway,27.68365431722387,LOW,31.294037539311514
18,2,Cloudy,Residential,28.78781170300878,HIGH,55.25382623755137
10,6,Rain,Main Road,7.499156537052599,HIGH,13.320177117956272
13,4,Cloudy,Highway,27.331292847754327,LOW,30.042558752021773
0,2,Sunny,Main Road,11.334250707341475,LOW,12.897362547162983
18,2,Sunny,Highway,16.20545088968889,HIGH,25.550682354907064
12,3,Cloudy,Residential,15.88957988800642,MEDIUM,19.900844013421874
20,6,Rain,Residential,24.97595237865625,HIGH,48.65100853454764
15,6,Sunny,Highway,10.691165332831122,LOW,10.463226868156067
23,3,Cloudy,Main Road,27.403424602006403,MEDIUM,33.15009886651009
17,2,Rain,Highway,19.666216690739724,HIGH,36.132199666064736
3,4,Sunny,Main Road,14.675417844119242,LOW,16.12635123349859
1,3,Rain,Residential,27.275010857600194,MEDIUM,37.88281579991911
13,6,Sunny,Highway,7.687564315502527,LOW,7.1594460660617605
14,2,Cloudy,Residential,23.57949315590659,MEDIUM,33.03777475170698
4,1,Cloudy,Residential,19.415380211563466,LOW,23.12801031847127
6,4,Sunny,Residential,17.68676580075568,MEDIUM,25.310012283599786
23,3,Sunny,Main Road,14.473902494379299,MEDIUM,19.584269487167713
20,5,Cloudy,Highway,10.462096728273288,MEDIUM,14.642331914618307
14,3,Cloudy,Main Road,19.903584751223256,MEDIUM,26.166697302312084
13,1,Cloudy,Highway,17.425060098699454,MEDIUM,21.26299714117678
2,5,Sunny,Highway,28.65881212759853,LOW,24.49128733589363
13,1,Sunny,Residential,24.82434448459782,MEDIUM,34.22055868843466
5,2,Sunny,Highway,10.795707030704683,LOW,9.211791809437514
4,1,Rain,Residential,28.22684530723565,MEDIUM,37.40703949318222
0,6,Cloudy,Residential,29.6227668550446,LOW,31.29701329351339
4,1,Cloudy,Main Road,18.442143402985245,LOW,19.872804396240195
16,2,Sunny,Main Road,22.885061322645154,MEDIUM,29.304425304205097
8,2,Rain,Residential,13.408293740315065,HIGH,24.508689227537406
18,5,Rain,Highway,11.398126700281834,HIGH,17.369095539151626
7,3,Cloudy,Main Road,29.265574315937645,HIGH,48.875032476326474
13,4,Rain,Residential,29.014631555719323,MEDIUM,39.66457033684413
18,1,Sunny,Highway,11.227660903281304,MEDIUM,15.837125334100186
2,4,Rain,Main Road,19.004566408932906,MEDIUM,28.226052741781274
21,1,Rain,Main Road,19.14650725656812,MEDIUM,28.461750780549508
22,0,Cloudy,Highway,25.139144232443567,MEDIUM,30.97558631291269
15,5,Rain,Main Road,12.742737848389345,MEDIUM,16.321296356046993
0,3,Sunny,Highway,13.104534834359006,LOW,12.110021041071892
10,5,Sunny,Highway,28.474917564765033,MEDIUM,35.258285446065365
2,5,Cloudy,Main Road,12.438936152788628,LOW,13.106804942597005
22,0,Sunny,Main Road,15.144768546345162,MEDIUM,18.6986737967764
0,6,Sunny,Main Road,9.277932160674366,LOW,8.522850330672028
1,1,Rain,Main Road,6.385054081917078,MEDIUM,8.31550775071862
6,1,Sunny,Residential,29.18988335364742,MEDIUM,40.246742843868724
22,4,Sunny,Main Road,18.37271774322126,MEDIUM,24.38753095350456
8,2,Cloudy,Residential,8.838229035794733,HIGH,13.741531641209214
10,4,Rain,Highway,20.524019977872783,MEDIUM,30.582020698720925
13,3,Rain,Main Road,21.73273558397488,MEDIUM,26.944265381102795
3,6,Rain,Highway,18.742717304047677,LOW,19.086790899296343
0,6,Cloudy,Residential,21.186130391619475,LOW,21.67090371506561
10,4,Rain,Main Road,27.862139776854576,HIGH,53.78853985295733
20,3,Sunny,Main Road,20.038549185706987,HIGH,38.54224790548968
14,2,Rain,Highway,29.872975571400744,HIGH,45.04581741050656
7,4,Cloudy,Highway,14.636970819958679,MEDIUM,19.481566250666667
2,1,Cloudy,Residential,19.37761931726144,MEDIUM,23.746844201790864
20,3,Rain,Main Road,17.000411408366837,HIGH,32.89766708519242
20,2,Cloudy,Residential,27.418393280811575,HIGH,49.68794413961457
15,0,Cloudy,Main Road,23.817083483748874,MEDIUM,33.03351779883616
1,6,Sunny,Residential,27.894737603395125,LOW,25.247516516188657
0,5,Cloudy,Highway,12.325287250969614,LOW,10.004883568373943
9,0,Rain,Highway,15.473755132221005,MEDIUM,22.96972992040287
5,3,Cloudy,Residential,24.480147020706067,LOW,28.37121257553057
1,1,Cloudy,Residential,10.773222083794202,MEDIUM,13.387856462727658
20,0,Sunny,Residential,13.302193721441267,HIGH,23.05740028041246
14,1,Sunny,Main Road,12.768478041783471,MEDIUM,16.002647739765223
13,4,Sunny,Highway,20.853360307547323,LOW,23.654918168818188
7,1,Cloudy,Residential,18.187204484837576,HIGH,31.130614794395278
17,5,Sunny,Residential,24.049345762104153,HIGH,41.270787029002875
15,6,Sunny,Main Road,11.229907807529825,LOW,12.995834964241528
5,5,Cloudy,Main Road,23.214851762982537,LOW,22.022020639640292
0,4,Sunny,Residential,29.284743822394862,LOW,30.218643275964055
2,6,Rain,Main Road,12.527650547334733,MEDIUM,15.304329630457005
21,0,Rain,Main Road,9.400902733448453,MEDIUM,12.843326533004422
22,5,Sunny,Residential,15.821698502241563,MEDIUM,19.728951808086123
19,1,Cloudy,Highway,22.097747432918954,MEDIUM,32.51993352034546
21,4,Sunny,Residential,13.668990465722507,MEDIUM,17.712372572684647
14,1,Sunny,Residential,7.4651998452724255,MEDIUM,9.20361694453795
8,2,Sunny,Residential,27.453655272397626,HIGH,48.268523963906645
13,2,Sunny,Highway,8.81317591166501,LOW,9.373845899966934
18,4,Cloudy,Highway,22.86448430622589,MEDIUM,33.723027534094456
2,3,Sunny,Highway,11.213452820014092,LOW,9.200005428635654
22,0,Cloudy,Main Road,13.10665460942712,MEDIUM,18.668738980274703
20,5,Sunny,Main Road,8.797136648057513,HIGH,16.025765011235467
12,2,Sunny,Highway,19.843281660350005,LOW,21.22321769628478
4,2,Sunny,Residential,25.019609632466263,LOW,26.387659867921347
18,0,Sunny,Residential,29.34293774625771,HIGH,49.16651144884116
7,5,Rain,Main Road,20.281009294278547,HIGH,30.54056244892613
10,5,Cloudy,Main Road,13.948557916316696,HIGH,23.12277766184655
16,5,Rain,Highway,29.51653951363026,MEDIUM,38.333613043108656
2,5,Rain,Residential,21.428328187146015,LOW,25.476026835946897
0,3,Cloudy,Highway,12.816521272349272,LOW,11.42757791238252
16,6,Cloudy,Residential,21.303276162599566,MEDIUM,25.601382459063363
13,0,Rain,Highway,23.629072749141955,MEDIUM,29.05846734631603
13,5,Sunny,Highway,23.3169886873195,LOW,23.68628092644512
3,4,Rain,Highway,5.956622563497644,LOW,7.020756242042326
7,4,Rain,Highway,15.190794424505045,HIGH,24.152399155455473
21,2,Cloudy,Residential,6.143648287842266,MEDIUM,8.058489271946561
12,6,Rain,Residential,23.9665854275808,MEDIUM,31.107715297780675
15,1,Sunny,Residential,20.957963463573883,MEDIUM,29.55762931364878
9,3,Sunny,Residential,9.828885655496528,MEDIUM,14.27843654242916
16,1,Rain,Residential,22.79802083616491,MEDIUM,31.959873727128407
14,4,Rain,Residential,20.720271875829553,MEDIUM,31.078603893032035
19,4,Sunny,Main Road,16.53626495817653,MEDIUM,24.548993292772884
1,3,Cloudy,Residential,17.877554022375072,LOW,20.741316719811834
15,0,Sunny,Main Road,12.608049242631237,MEDIUM,15.926810907416096
11,6,Cloudy,Highway,29.92281166904982,LOW,29.377534144011868
6,4,Sunny,Highway,22.993979162047136,LOW,25.10696600824238
13,2,Sunny,Highway,24.263259222679853,LOW,26.743558848072105
21,1,Sunny,Main Road,17.378226534931514,MEDIUM,22.237099318345024
13,0,Cloudy,Main Road,18.687647968621274,MEDIUM,23.39070935604064
1,1,Cloudy,Main Road,13.425381280714625,LOW,13.688671779960616
1,4,Rain,Residential,5.911950444021817,MEDIUM,8.544956194468782
15,3,Rain,Main Road,10.922538884063883,MEDIUM,15.031688166901125
0,1,Cloudy,Highway,18.153797801539113,LOW,16.777614624882613
7,2,Sunny,Residential,12.680335011046624,HIGH,23.734741249640752
22,2,Sunny,Main Road,29.789742672469252,MEDIUM,37.987434044092964
8,3,Cloudy,Highway,17.799616273343048,MEDIUM,26.53721666678762
12,1,Sunny,Main Road,8.880072283063384,MEDIUM,11.284738929998818
5,1,Sunny,Highway,8.240981926108663,LOW,7.674011564999339
23,3,Cloudy,Highway,9.611305028093183,LOW,9.867500353655268
8,0,Rain,Residential,9.15004431683622,HIGH,17.512177829473845
12,3,Sunny,Residential,18.55662416686082,MEDIUM,23.10216520662559
15,4,Rain,Main Road,24.283102876583285,MEDIUM,36.09182508515527
6,3,Sunny,Main Road,8.513376689261818,MEDIUM,10.619093928880838
9,2,Cloudy,Highway,5.370329086621779,MEDIUM,7.036790173376327
17,4,Cloudy,Highway,23.10467263134133,MEDIUM,33.33769492970327
1,1,Sunny,Highway,27.83499492947265,LOW,24.08334967745686
20,4,Sunny,Main Road,24.69965679971905,HIGH,42.711312824160665
0,3,Sunny,Highway,11.59235705699773,LOW,11.090615210528316
18,6,Rain,Highway,25.770481806608977,HIGH,46.179424128794466
12,5,Rain,Residential,8.575364479495372,MEDIUM,11.874693503623806
2,0,Sunny,Main Road,6.962299138475895,LOW,7.2294750352338255
3,6,Rain,Residential,7.589217072734695,LOW,8.913486660121091
10,5,Sunny,Main Road,26.8468570312944,HIGH,42.46760908705605
13,0,Rain,Residential,11.872262021970915,MEDIUM,17.616723615417957
21,6,Rain,Main Road,18.164177017785633,MEDIUM,24.67884826688241
12,2,Cloudy,Main Road,8.128581856631847,MEDIUM,11.17260354147261
8,6,Sunny,Main Road,23.14109762529452,MEDIUM,31.975929557783466
8,4,Rain,Residential,20.33592174222826,HIGH,39.57236352914293
19,0,Rain,Highway,14.829610352924831,HIGH,29.928840164061832
12,2,Sunny,Highway,25.83639193052581,LOW,27.675897033518194
14,2,Sunny,Highway,22.570576937106207,LOW,26.262656862750312
12,1,Sunny,Residential,25.912897221037316,MEDIUM,34.34188069987395
20,2,Cloudy,Main Road,24.670135918002778,HIGH,39.979370356785644
0,0,Cloudy,Main Road,12.264826996360574,LOW,13.455605413808653
20,5,Rain,Residential,19.77355049394516,HIGH,36.33017784692461
3,0,Sunny,Main Road,24.948309747229388,LOW,23.859060967834964
7,5,Cloudy,Main Road,19.353050274300042,MEDIUM,28.338658277855995
16,0,Sunny,Highway,16.05874369044175,LOW,18.220078832920287
1,2,Rain,Highway,9.255530037342318,LOW,9.829344781846478
11,2,Rain,Main Road,16.19347275780813,MEDIUM,22.176297335285174
18,5,Cloudy,Residential,28.14044448406308,HIGH,47.667035274127386
0,6,Sunny,Residential,10.853457443452085,LOW,11.126022273679006
19,5,Rain,Residential,9.502808001772838,HIGH,16.295479129613533
23,4,Cloudy,Residential,25.786793056197837,MEDIUM,34.7011647083764
9,6,Cloudy,Residential,27.825965500393945,HIGH,42.25011313031607
23,6,Rain,Main Road,26.14493782185989,MEDIUM,36.32552387108126
15,5,Cloudy,Residential,16.330875691730796,MEDIUM,20.256065368680428
6,6,Sunny,Main Road,27.9352747293111,LOW,30.532494061834633
17,5,Sunny,Main Road,26.817840305901225,HIGH,47.22026711331395
3,3,Sunny,Main Road,5.612440406009829,LOW,6.200160090974886
11,6,Cloudy,Main Road,12.556491419792941,LOW,14.2078897948322
9,5,Rain,Residential,13.191440321620409,HIGH,21.577817935083306
4,3,Rain,Highway,23.107465010323825,LOW,26.85148829545033
11,2,Sunny,Residential,25.843774797812962,MEDIUM,34.79366686854531
5,3,Sunny,Highway,6.197761235164324,LOW,5.436158145242133
21,6,Rain,Highway,7.0791047844991555,LOW,7.728981964030701
8,6,Cloudy,Residential,20.587165137156738,HIGH,31.253086333941493
23,4,Rain,Highway,21.378714100230766,MEDIUM,27.792913194643706
18,4,Sunny,Residential,22.164961611872872,HIGH,42.965521140023625
12,3,Sunny,Highway,21.846344793619167,LOW,23.976083920343356
16,0,Cloudy,Residential,27.224199947702793,HIGH,41.36744746707508
11,2,Rain,Main Road,6.755182185379492,HIGH,10.472117132411945
4,1,Sunny,Main Road,10.333072086917776,LOW,10.559857360897174
9,0,Cloudy,Main Road,6.578262567161581,HIGH,10.673290310528063
6,3,Cloudy,Highway,22.25694772373724,LOW,24.568303830153297
20,4,Rain,Highway,15.345677816796432,HIGH,24.396772890265623
18,5,Sunny,Residential,19.289129289644336,HIGH,30.911355980326427
17,1,Rain,Main Road,25.12608171519152,HIGH,48.94761598163561
18,2,Rain,Residential,19.19176167266037,HIGH,36.988549481268464
19,3,Cloudy,Main Road,12.532119505814114,HIGH,22.83709544717779
20,3,Rain,Residential,18.553214340471897,HIGH,35.52712531351291
7,1,Sunny,Main Road,11.437598545906726,HIGH,18.465546915810478
15,3,Sunny,Main Road,12.931600641921257,MEDIUM,16.88103612180816
1,6,Rain,Main Road,22.46501082345432,LOW,24.52251113795898
11,4,Sunny,Residential,8.798601406777536,MEDIUM,11.605212367323034
7,3,Sunny,Highway,15.311407629135537,HIGH,23.578042758618114
0,1,Sunny,Highway,13.100022097811092,LOW,10.696276364822703
19,2,Cloudy,Residential,20.48071216595121,HIGH,38.80068871827701
18,1,Rain,Main Road,29.41864693329945,HIGH,58.886556947488934
20,6,Sunny,Main Road,22.995291473612003,HIGH,35.23084774608207
12,3,Sunny,Highway,22.762100049798573,LOW,23.99989437644065
20,3,Cloudy,Highway,7.585251845477646,MEDIUM,11.084726446417347
6,0,Sunny,Residential,6.074030317644353,MEDIUM,7.992475153503301
16,5,Sunny,Residential,29.10018354023403,MEDIUM,34.97944033437352
7,6,Sunny,Highway,5.982884855563945,MEDIUM,7.401024355438504
20,3,Sunny,Residential,15.668979395477077,HIGH,27.279405351845824
4,1,Sunny,Main Road,8.343358078335132,LOW,7.965666764539319
9,1,Rain,Main Road,11.334607457668412,HIGH,21.269585374408496
22,3,Sunny,Residential,14.888998479814667,MEDIUM,19.3818056116411
11,2,Sunny,Residential,22.734363678746703,LOW,26.98896604184229
16,0,Rain,Main Road,22.21588979247327,HIGH,35.045530588251644
6,5,Sunny,Highway,10.245098922092762,LOW,9.559635801395947
4,5,Rain,Residential,10.772844702530755,MEDIUM,13.164336095457072
8,1,Cloudy,Main Road,25.17196457920808,HIGH,42.11551177140979
17,0,Rain,Highway,26.780002567086896,HIGH,48.93127801707923
13,4,Cloudy,Residential,16.78113608190478,MEDIUM,21.40704176261019
11,2,Cloudy,Highway,28.57168440126998,LOW,32.49500046088512
0,5,Rain,Main Road,12.253746649022949,LOW,13.23596201876301
13,2,Sunny,Residential,28.63427102805565,MEDIUM,36.50646697842627
4,2,Sunny,Highway,13.96661970877483,LOW,12.52777228073815
13,4,Rain,Residential,15.392558406799191,HIGH,25.081322069110985
22,2,Cloudy,Highway,22.45327231372562,LOW,25.794252371350176
1,2,Rain,Residential,9.827663485725612,MEDIUM,12.333892950318392
8,5,Sunny,Residential,26.270832365957762,MEDIUM,35.94086360162397
21,1,Rain,Main Road,6.168071436060275,MEDIUM,7.876853909314232
10,2,Rain,Residential,15.88504844062477,HIGH,27.363548260821066
12,0,Sunny,Highway,29.57935222334083,LOW,32.890070057621564
0,2,Cloudy,Residential,27.272350973921025,LOW,31.01945358403432
17,3,Sunny,Main Road,25.670432578975603,HIGH,41.710246572752766
11,5,Cloudy,Residential,24.204181860204155,MEDIUM,31.960255265426337
11,4,Cloudy,Main Road,13.029379219732679,MEDIUM,17.099669328214222
6,6,Cloudy,Residential,24.937024367647613,MEDIUM,31.987086711656467
14,6,Cloudy,Main Road,24.176357401159045,MEDIUM,32.7302500653453
11,4,Rain,Main Road,27.789092724880803,HIGH,42.205597322928924
5,1,Sunny,Highway,10.035438459164588,LOW,8.973013943658675
0,4,Sunny,Main Road,16.462659841891927,LOW,17.39366201801403
20,4,Rain,Residential,20.435691125973666,HIGH,38.38336398769944
3,5,Sunny,Residential,11.160419197850416,LOW,11.853214067469473
19,1,Cloudy,Highway,20.83502998694088,HIGH,37.674397501509404
7,1,Rain,Residential,17.143750069321744,HIGH,32.855705131142436
16,2,Rain,Residential,29.08088947523103,HIGH,45.66391413584741
17,6,Cloudy,Highway,29.228862035159093,MEDIUM,41.05044161797621
20,0,Cloudy,Highway,17.411036451791507,HIGH,26.643995684569255
23,5,Cloudy,Main Road,12.815823417632803,MEDIUM,15.706532327296852
1,3,Cloudy,Residential,27.640666519913626,LOW,31.35887948164021
10,2,Rain,Highway,12.442955443373368,HIGH,19.947206286869097
0,6,Rain,Main Road,11.237141292706607,LOW,11.93557888301886
20,5,Rain,Residential,23.519303212722797,HIGH,44.714109490204706
10,3,Rain,Highway,28.048320537792723,HIGH,44.62557600605868
12,3,Rain,Main Road,29.899937365914,MEDIUM,41.67717440983319
22,1,Sunny,Main Road,21.303868530303976,MEDIUM,26.185716054434938
12,0,Rain,Residential,26.497017181162757,MEDIUM,37.46819311233387
17,1,Cloudy,Residential,8.918054913843463,HIGH,14.737926215974229
7,1,Cloudy,Residential,19.696714953335892,HIGH,33.29407566519937
23,1,Sunny,Highway,24.12448257201875,LOW,28.198244785110603
12,2,Sunny,Highway,16.465018845702126,LOW,17.214413441623737
3,2,Rain,Main Road,8.896879267409759,LOW,9.81649448951024
8,3,Cloudy,Highway,12.300479789056052,HIGH,19.234939801392862
11,2,Cloudy,Main Road,22.371517503910617,MEDIUM,30.268479353033456
13,0,Cloudy,Main Road,6.841072588146026,MEDIUM,9.470571777821393
18,2,Cloudy,Main Road,7.7789268206751565,HIGH,12.585788853551055
2,5,Sunny,Main Road,21.925020093548866,LOW,21.54401497912281
23,3,Sunny,Highway,9.221498569343904,LOW,9.578867456769101
20,5,Rain,Highway,14.116943625026064,HIGH,21.50881172239398
8,2,Cloudy,Main Road,25.281962852846416,HIGH,38.54124944813957
22,2,Cloudy,Highway,17.493059877011742,LOW,19.486231847708325
6,1,Rain,Highway,17.203965598706624,MEDIUM,21.06994944962769
21,6,Cloudy,Highway,5.730794019913036,LOW,5.616528140402344
4,3,Rain,Highway,9.593542580855262,LOW,9.795253858693567
10,5,Sunny,Main Road,7.6045857850297445,HIGH,13.227359876008332
0,5,Sunny,Main Road,21.95538090687512,LOW,20.751930172990306
9,4,Sunny,Main Road,15.910591222184266,MEDIUM,23.81182041923851
5,5,Sunny,Residential,21.226335650987437,LOW,22.240102371545074
20,6,Sunny,Residential,19.9067184249966,HIGH,32.80490406164468
0,6,Cloudy,Highway,5.622263081443297,LOW,4.96898882515755
4,1,Rain,Highway,21.309194166828135,LOW,21.1038555391182
9,4,Rain,Main Road,17.27488885360549,HIGH,34.52358863969265
4,0,Cloudy,Highway,8.768147371481994,LOW,8.528006320085137
2,1,Cloudy,Residential,18.835157091359775,LOW,22.560117491878685
18,2,Sunny,Residential,27.025980478292652,HIGH,46.19454090621297
22,6,Sunny,Residential,15.664673873431333,MEDIUM,20.04624296638444
10,1,Cloudy,Main Road,10.437972853528066,HIGH,17.6050084784279
17,2,Sunny,Main Road,5.090088101190236,HIGH,9.031969180467884
15,3,Cloudy,Highway,29.85018585510111,LOW,33.53409655874206
4,4,Cloudy,Highway,14.972138241390264,LOW,13.939732993728299
12,5,Rain,Highway,22.686094091069172,MEDIUM,28.047549351376173
15,0,Rain,Residential,28.537653018579867,MEDIUM,41.67552313668963
0,6,Sunny,Highway,22.249342582995062,LOW,19.085660749706047
18,6,Cloudy,Residential,6.602600355510642,HIGH,11.828860217139892
8,1,Rain,Residential,14.024092971947487,HIGH,28.997490576103278
0,0,Rain,Residential,7.139997664299628,MEDIUM,9.773667408664057
0,5,Sunny,Main Road,5.029366964872773,LOW,4.8481662559673495
3,2,Sunny,Highway,16.988460545863823,LOW,14.47319531792317
9,0,Cloudy,Highway,10.623385016741008,HIGH,17.786269012803704
14,5,Sunny,Residential,27.8002973447872,LOW,31.322000153692166
1,6,Rain,Highway,6.281041219138649,LOW,5.608673865379354
5,0,Cloudy,Highway,8.714931634816448,LOW,8.72521852473343
20,1,Rain,Residential,20.444340403308193,HIGH,34.8202079590426
15,2,Rain,Residential,16.834275400085446,HIGH,27.861960303102954
10,5,Sunny,Residential,15.556523747982663,HIGH,23.779041531252723
5,2,Sunny,Main Road,21.577665261589235,LOW,23.329485867182267
20,1,Sunny,Main Road,7.08451513284138,HIGH,11.573156936572296
14,2,Sunny,Residential,26.26968565702214,MEDIUM,33.17920588094376
14,6,Rain,Highway,26.709956311460314,MEDIUM,32.66389973703137
19,3,Cloudy,Residential,7.8803068666797715,HIGH,15.516581641343217
10,2,Cloudy,Highway,25.208362451887698,MEDIUM,36.96505335816926
9,4,Rain,Main Road,17.905278896752733,HIGH,28.645132924892632
6,6,Cloudy,Residential,15.01919380778734,MEDIUM,18.5277781837821
18,4,Rain,Residential,15.918242337014474,HIGH,27.209676541308475
14,5,Rain,Highway,7.429280225441269,LOW,7.514788644719848
22,6,Sunny,Residential,11.25713270350517,MEDIUM,13.99777982797631
23,2,Rain,Highway,25.46266070864067,LOW,29.48541942413177
21,1,Sunny,Residential,16.348994583489933,MEDIUM,22.818318155105008
17,0,Sunny,Highway,8.694917756438443,HIGH,14.383909105125246
15,5,Sunny,Highway,13.373661870427837,LOW,13.29698301218284
15,6,Rain,Highway,22.95654103341654,MEDIUM,30.10600212770413
8,4,Rain,Residential,12.001021401371144,HIGH,19.190816058164458
14,0,Cloudy,Residential,18.691083140457216,MEDIUM,24.7104823519587
8,3,Sunny,Main Road,9.579038265913072,MEDIUM,13.938303122451789
4,4,Sunny,Main Road,16.15035579805681,LOW,18.610147324498755
16,5,Rain,Main Road,19.742007105266822,MEDIUM,26.364045804150386
8,3,Cloudy,Highway,10.890003829753942,MEDIUM,13.437148282088136
18,5,Sunny,Main Road,29.868024492733383,HIGH,53.2319699191793
22,3,Cloudy,Residential,29.776158680022224,MEDIUM,44.20903102444972
16,4,Sunny,Highway,8.829780191238266,LOW,9.012238583605907
9,3,Rain,Highway,15.548308066794077,HIGH,27.928195593156566
11,3,Rain,Main Road,8.402578589553197,MEDIUM,12.380943605253423
14,0,Rain,Main Road,13.382196838648825,MEDIUM,17.26292774392967
12,0,Sunny,Residential,8.263408215625338,MEDIUM,10.675606292194503
6,6,Cloudy,Residential,9.406521992464786,MEDIUM,12.574952395902997
20,5,Sunny,Main Road,12.456287081645478,HIGH,20.63632055326867
3,1,Rain,Highway,10.242673036382783,LOW,11.226351296514434
15,4,Sunny,Main Road,15.404910534168454,MEDIUM,19.507701419233292
16,2,Rain,Main Road,14.417724466258063,MEDIUM,20.04962600118863
0,1,Rain,Residential,22.01654987824213,MEDIUM,28.498228081587754
16,5,Rain,Main Road,15.81978205293411,MEDIUM,20.99489176679347
22,4,Rain,Main Road,9.390077951710087,MEDIUM,13.431634700084283
9,3,Sunny,Main Road,8.85288559728414,HIGH,13.858628944434923
5,6,Rain,Residential,18.8871954506352,MEDIUM,25.355941937001468
5,0,Sunny,Main Road,28.616130534864084,LOW,30.599633593580283
14,6,Rain,Main Road,18.628501517548962,MEDIUM,24.254865142552834
4,4,Cloudy,Residential,14.467976164362831,LOW,15.77030542829776
15,3,Rain,Highway,25.779045907526765,LOW,30.505118393403635
21,4,Sunny,Highway,11.64899472849942,LOW,13.191605136942345
20,5,Cloudy,Main Road,11.067946803220199,HIGH,20.860067572565953
14,3,Rain,Residential,24.177586219562343,MEDIUM,33.56467857165123
18,3,Sunny,Highway,28.537957505477053,HIGH,47.709305024835565
4,1,Rain,Main Road,25.395367764768707,MEDIUM,34.58695619462556
8,0,Rain,Highway,13.276684459705455,HIGH,22.276166279284613
22,5,Sunny,Residential,24.894094848980785,MEDIUM,30.485560741324985
3,3,Cloudy,Residential,18.435925702342566,MEDIUM,22.698223025839983
9,3,Rain,Main Road,10.821166844599588,HIGH,19.791121926992552
0,2,Cloudy,Residential,21.780080073966104,MEDIUM,27.128008001831752
6,1,Rain,Highway,20.589991928663242,MEDIUM,26.71563859575201
11,4,Cloudy,Residential,15.942581860163699,MEDIUM,21.141849839890483
19,2,Cloudy,Residential,26.00763108447653,HIGH,46.36109425426645
15,3,Sunny,Residential,18.878964184716313,MEDIUM,22.80210326642617
22,0,Sunny,Highway,19.398015758330416,LOW,20.788484126221853
16,3,Sunny,Main Road,8.594518740531383,MEDIUM,10.530213674217954
1,2,Rain,Highway,5.954773191518729,LOW,6.955365286800237
14,2,Sunny,Main Road,15.092504594174065,MEDIUM,18.271941577836458
5,4,Cloudy,Highway,29.94961196906308,LOW,29.751047063487096
14,5,Rain,Residential,27.449348549510372,MEDIUM,38.70184955602145
11,0,Cloudy,Main Road,27.413773210446962,MEDIUM,35.18722230738567
2,3,Sunny,Main Road,17.848651849580904,LOW,20.100199543245896
2,4,Sunny,Residential,13.624351200099985,LOW,14.655224360229772
21,2,Sunny,Highway,28.56010534858908,LOW,33.189335004531344
16,1,Sunny,Main Road,21.2527833717568,LOW,25.211707588010967
5,0,Cloudy,Main Road,17.285650762803147,LOW,18.124386363692214
21,1,Cloudy,Residential,14.642932333989854,MEDIUM,19.784892227859643
17,1,Cloudy,Highway,9.713821191812734,HIGH,16.787290123459805
2,6,Sunny,Residential,29.80041091973211,LOW,31.721712418637615
6,6,Cloudy,Highway,12.239037872103179,LOW,13.822319826204453
2,6,Rain,Highway,14.042435273235682,LOW,15.02842811324505
22,0,Cloudy,Main Road,20.19455349316786,MEDIUM,25.70315551526497
4,2,Cloudy,Main Road,5.204026901413479,MEDIUM,6.247322662241089
6,6,Cloudy,Residential,29.080815860975697,MEDIUM,37.76714835022871
6,4,Rain,Residential,15.810133571159938,MEDIUM,22.33312775198743
15,1,Cloudy,Highway,7.899363407493247,LOW,8.184126990292889
22,5,Sunny,Residential,7.089575118186329,MEDIUM,8.575072065966955
1,1,Rain,Residential,28.769699521798984,MEDIUM,34.91013580760816
12,5,Cloudy,Main Road,25.239237576809455,MEDIUM,32.29175217218917
1,4,Sunny,Highway,21.767528693556443,LOW,18.6915933120218
22,1,Sunny,Main Road,28.977524815426108,MEDIUM,36.87849979389038
12,3,Sunny,Main Road,29.344980889143386,MEDIUM,37.243750192473954
15,0,Sunny,Residential,10.441376136761473,MEDIUM,14.14119498775351
16,6,Cloudy,Main Road,5.89411778767769,MEDIUM,7.252386060448323
7,2,Cloudy,Residential,14.19699602385188,MEDIUM,21.141905278584854
12,2,Sunny,Residential,17.39828717965296,MEDIUM,22.680147990203906
20,3,Sunny,Highway,6.881039855165328,MEDIUM,9.686112840259835
0,6,Sunny,Residential,17.43657804274578,LOW,17.595130458200472
21,5,Sunny,Main Road,24.26358042076469,LOW,28.773825652520014
6,6,Rain,Residential,14.477892491913147,MEDIUM,20.462788340824343
19,4,Cloudy,Main Road,27.849934286846953,HIGH,53.8301604268603
22,1,Sunny,Highway,22.250544663744517,LOW,23.569560995953275
10,4,Sunny,Highway,19.499944354496414,HIGH,31.55529762296664
17,3,Sunny,Highway,9.565142135359837,MEDIUM,14.058464004675407
12,2,Rain,Main Road,12.328814693785116,MEDIUM,18.441258206639112
20,1,Sunny,Main Road,13.376344218808907,HIGH,24.42061519114521
4,4,Cloudy,Residential,25.961682627434342,LOW,30.6855564765895
11,2,Sunny,Highway,20.505153270307176,LOW,21.122835632946774
0,1,Cloudy,Residential,26.54828387593723,LOW,31.439100629844937
6,4,Rain,Main Road,9.886301494460412,HIGH,16.21604690360685
17,0,Sunny,Main Road,22.371424145137084,HIGH,37.17027116460151
13,3,Cloudy,Residential,15.768189791227552,MEDIUM,20.629350812767928
2,1,Sunny,Main Road,10.699623768338776,LOW,10.75274710226279
14,3,Cloudy,Highway,8.045706871924567,LOW,8.631371711112626
8,2,Sunny,Main Road,15.985309477571883,HIGH,26.742095766990726
22,3,Sunny,Highway,15.351783510114053,LOW,16.72725815400467
0,6,Sunny,Main Road,6.903200166174388,LOW,6.705974295024518
10,2,Cloudy,Residential,20.76481392041098,HIGH,34.41937345682218
16,1,Cloudy,Residential,23.826489756906025,HIGH,37.80730900603921
15,3,Sunny,Main Road,25.173869473357232,MEDIUM,32.47128258653418
20,5,Cloudy,Main Road,29.796998377509883,HIGH,50.73516532354071
0,6,Sunny,Highway,20.02434182079156,LOW,17.48950217271967
7,4,Cloudy,Residential,16.78941501436701,HIGH,26.85350306163499
14,5,Sunny,Main Road,24.94606303616929,LOW,28.046636268910753
18,2,Rain,Residential,16.274536516792338,HIGH,33.46335192696915
19,4,Sunny,Main Road,22.074204407394237,HIGH,38.53885695734717
6,3,Rain,Main Road,26.40331340797052,HIGH,42.94216605666355
20,2,Rain,Main Road,9.720485931561344,HIGH,18.400402342677644
13,1,Cloudy,Residential,13.267989514866505,MEDIUM,18.34570653844757
5,4,Cloudy,Main Road,12.12709568684114,LOW,13.072883259958811
2,5,Rain,Main Road,26.064235958329007,LOW,29.809409675299875
0,0,Sunny,Main Road,29.171089181717186,LOW,34.64834725315715
2,5,Cloudy,Highway,11.772552860161843,LOW,10.091802279286341
7,2,Rain,Highway,25.402867050710935,HIGH,42.94207272833433
23,4,Rain,Main Road,22.960797453503382,MEDIUM,32.90638719777934
0,3,Rain,Highway,8.136248641291274,LOW,8.575293815333247
2,5,Rain,Highway,6.023852798423711,LOW,6.02054824841309
2,5,Cloudy,Highway,20.63783301145098,LOW,17.77812688327886
4,6,Rain,Highway,20.99766839542751,LOW,22.118847342290138
21,3,Rain,Residential,8.117358993654094,HIGH,12.413139062863515
8,5,Cloudy,Residential,16.808827537271434,HIGH,30.759214251745437
2,6,Rain,Main Road,28.994647345974887,LOW,34.23201442538376
0,3,Rain,Residential,8.020530588178621,MEDIUM,10.106080708358476
8,3,Rain,Residential,7.0431471928649945,HIGH,11.502271048879104
18,3,Cloudy,Main Road,9.311547192084504,HIGH,18.293899663251214
21,4,Rain,Residential,24.134857754499073,HIGH,37.79793433582925
15,2,Rain,Residential,25.96955906064963,HIGH,39.36043320067854
3,5,Sunny,Main Road,11.056261281032462,LOW,10.540650469309028
17,6,Sunny,Residential,29.222805195194578,HIGH,52.12380581346299
19,3,Rain,Main Road,15.298368470373168,HIGH,26.60939587193603
6,4,Sunny,Residential,21.164680569890734,MEDIUM,26.163716030610168
21,4,Sunny,Highway,24.213399052113143,LOW,25.87619079379543
23,3,Sunny,Residential,19.84318577549993,MEDIUM,28.48576864717141
15,4,Sunny,Residential,20.78784128876699,MEDIUM,28.75777905500529
13,6,Rain,Highway,9.10553422506609,MEDIUM,11.809668369514425
16,1,Cloudy,Residential,11.782997696449574,MEDIUM,16.001060475441015
17,3,Cloudy,Residential,9.400060254277793,HIGH,15.960474577980008
8,6,Cloudy,Main Road,12.916551910646591,MEDIUM,18.25179781055941
16,1,Rain,Highway,16.168714239808853,MEDIUM,20.10953267157965
1,1,Cloudy,Main Road,24.117854746501312,LOW,25.865851782262368
19,1,Sunny,Highway,8.125183441705378,HIGH,13.644834192579863
11,1,Cloudy,Main Road,10.567014076099188,MEDIUM,14.44537701171003
14,6,Cloudy,Highway,23.31101949905926,LOW,24.042971727271958
14,3,Rain,Main Road,14.202399500118878,MEDIUM,20.843423459220208
18,4,Sunny,Highway,23.00304703387496,MEDIUM,32.41710273724212
23,6,Cloudy,Residential,28.267589734655996,MEDIUM,34.37887973777686
17,2,Rain,Main Road,8.983521791795372,HIGH,18.677118263064447
7,3,Rain,Highway,9.655963431488459,HIGH,16.826087904303726
22,3,Rain,Residential,22.85952185938999,MEDIUM,32.513328148675946
6,2,Sunny,Highway,23.576589868547558,LOW,23.90672210940923
6,5,Sunny,Residential,20.668621014320507,MEDIUM,26.205467584070153
20,6,Sunny,Highway,14.001184188885558,MEDIUM,19.066277208137397
7,3,Sunny,Residential,18.094119876799507,HIGH,32.408899700579994
21,5,Sunny,Main Road,28.736938912601484,MEDIUM,34.58842993900604
20,3,Cloudy,Main Road,26.10376464315141,HIGH,43.14848866162678
11,3,Rain,Residential,18.484484104728388,MEDIUM,26.658619311814775
10,1,Rain,Highway,20.730974604172207,HIGH,33.7215887687317
16,4,Cloudy,Residential,10.10445540083087,MEDIUM,14.09456895581166
18,0,Sunny,Residential,16.420355106444866,HIGH,32.68466838400648
21,4,Sunny,Residential,10.280672214981664,MEDIUM,12.979659684244343
19,4,Cloudy,Residential,25.606871261111024,HIGH,42.81650160485715
21,5,Sunny,Highway,13.290545085758591,LOW,13.089801546741523
12,5,Rain,Highway,15.081810624568229,LOW,17.907575107324945
18,4,Rain,Residential,15.714053594807742,HIGH,27.816909632307716
23,0,Sunny,Residential,13.373727125152664,MEDIUM,17.604893716400923
4,0,Cloudy,Main Road,19.149488091351927,LOW,20.75498840415841
21,3,Sunny,Residential,20.092935833553046,MEDIUM,27.22112731700052
6,4,Rain,Main Road,13.009627235657577,HIGH,19.67445471139273
11,1,Sunny,Main Road,6.45519515751818,LOW,7.641266010916852
2,0,Rain,Highway,23.407533281792908,MEDIUM,28.489476576858017
21,5,Sunny,Main Road,23.395759610556354,MEDIUM,29.58158541667898
5,5,Sunny,Main Road,27.953104508107923,LOW,25.60574229833021
21,3,Sunny,Highway,19.50650768798634,LOW,20.669602006053957
13,3,Rain,Residential,5.572633882572851,HIGH,9.038803060731025
9,6,Cloudy,Residential,27.164204264249598,HIGH,44.61689279513429
8,0,Cloudy,Main Road,24.87398547274612,HIGH,41.58838269117307
3,3,Cloudy,Residential,21.42331903089877,LOW,23.72296955127602
15,6,Sunny,Residential,11.797503944200816,MEDIUM,14.59405473556935
6,5,Sunny,Residential,16.011998684725448,MEDIUM,21.693987888016988
22,2,Sunny,Residential,28.584619457386435,MEDIUM,35.15466649129012
2,4,Sunny,Main Road,18.55800792553417,LOW,20.873795171411892
18,4,Rain,Residential,10.909736822669288,HIGH,19.298189703939386
12,4,Cloudy,Residential,10.35804601448847,MEDIUM,12.672927042628073
1,4,Rain,Residential,19.79231656132232,MEDIUM,27.246987581831977
5,2,Sunny,Main Road,24.363211817083023,LOW,24.205309513506425
10,1,Sunny,Highway,25.506193321593656,HIGH,39.62412191318086
16,3,Sunny,Highway,18.02782512193576,LOW,18.39768412426844
19,2,Cloudy,Main Road,5.017294269932491,HIGH,8.243406334487467
14,2,Cloudy,Main Road,23.366382627562828,MEDIUM,32.122688891057955
5,1,Sunny,Main Road,6.106993292460768,LOW,7.013543797373386
12,5,Cloudy,Main Road,18.781228435905902,MEDIUM,22.55913676992971
20,0,Sunny,Main Road,8.065580188083642,HIGH,13.17108112397263
4,6,Rain,Main Road,22.866219527110957,MEDIUM,29.03895964427791
0,6,Sunny,Highway,19.653023767980926,LOW,15.88913061855482
0,0,Sunny,Main Road,25.266169375520345,LOW,26.95052867653528
11,4,Sunny,Main Road,23.691840193109762,MEDIUM,29.1747606132487
18,6,Rain,Highway,9.74231912071766,MEDIUM,14.49758021762759
18,0,Rain,Residential,25.263984909861463,HIGH,48.10486490964764
16,3,Rain,Main Road,6.920072824326747,MEDIUM,9.287564961707576
19,6,Sunny,Residential,9.073404474409962,HIGH,16.167217464198945
11,0,Cloudy,Residential,7.535329684645415,MEDIUM,9.88765730802765
4,0,Sunny,Main Road,19.41218729187071,LOW,19.202689817923133
8,0,Rain,Highway,28.59173223227751,HIGH,51.992258383388005
15,3,Cloudy,Residential,18.891783049098507,MEDIUM,24.179385817824564
12,0,Sunny,Residential,27.953477855081914,MEDIUM,37.6978390403702
23,1,Rain,Highway,21.241663550874712,HIGH,31.968034488056883
2,3,Cloudy,Main Road,21.844355704877973,LOW,23.480113421060693
2,4,Sunny,Highway,21.680635647823067,LOW,18.695882750052846
7,6,Rain,Residential,26.093906575571847,HIGH,50.70681766636187
16,6,Cloudy,Residential,23.01608240516397,LOW,26.3027643254075
21,2,Rain,Main Road,18.87428765336152,HIGH,31.01513626581339
0,4,Rain,Main Road,20.831646529536215,MEDIUM,27.34592910517549
11,0,Cloudy,Highway,7.2263433905508725,LOW,7.766863208311216
16,0,Cloudy,Main Road,24.399351459596048,MEDIUM,34.303033532131614
23,6,Cloudy,Highway,26.911069479047384,LOW,27.74483075149301
17,6,Sunny,Main Road,15.621302307382782,HIGH,23.666402042421318
12,0,Rain,Residential,25.28887585730184,HIGH,40.21755555155879
4,5,Cloudy,Main Road,13.512006960506504,LOW,14.366777269330077
11,4,Rain,Highway,17.177789259309243,MEDIUM,22.592565782705503
19,5,Sunny,Main Road,20.507450766691324,HIGH,33.313749681514125
5,2,Sunny,Residential,24.027392869275204,LOW,27.33100919579261
19,0,Rain,Main Road,9.881277316230578,HIGH,18.495512220844407
16,5,Cloudy,Highway,16.735330520054042,LOW,17.941874633487792
4,6,Rain,Main Road,8.236930185696165,LOW,8.908357878058625
23,4,Cloudy,Main Road,5.196949908136143,MEDIUM,6.680140108372088
12,4,Rain,Residential,29.948047247920275,MEDIUM,44.527901584402734
12,1,Cloudy,Residential,17.276785787478097,MEDIUM,22.691881043858217
15,1,Sunny,Highway,22.919962282816236,LOW,23.62096997627228
6,2,Sunny,Main Road,25.695093598733017,MEDIUM,31.2059539235717
23,6,Rain,Residential,12.722495049276093,MEDIUM,18.09732783754825
10,6,Sunny,Highway,20.648435682054707,MEDIUM,30.890613954619194
6,5,Sunny,Residential,11.804877588798636,MEDIUM,16.429431436371317
7,2,Rain,Highway,11.055009951707536,HIGH,17.181865055372104
4,4,Cloudy,Main Road,27.227647480400332,LOW,30.753144538343548
20,6,Sunny,Main Road,26.55298982392416,HIGH,46.47441995273802
8,5,Sunny,Residential,26.070757812852996,HIGH,39.59127719648341
22,6,Cloudy,Highway,23.908123699685092,LOW,24.574103111760458
15,4,Rain,Residential,27.53003264699891,HIGH,44.44258852874623
21,4,Cloudy,Highway,26.537884196402928,LOW,28.429884460825406
19,6,Cloudy,Highway,21.982067252042903,MEDIUM,32.75611605761182
4,3,Sunny,Residential,12.512691896831361,LOW,13.53933199857988
15,6,Rain,Highway,12.864180451411082,LOW,15.3834867393551
14,4,Rain,Residential,23.93067642796155,HIGH,36.119159106663105
11,1,Rain,Residential,18.181684014701823,MEDIUM,26.12068246250543
12,3,Cloudy,Main Road,27.87704243862323,MEDIUM,39.76011070522271
9,2,Rain,Residential,25.694890897824234,HIGH,47.775087200426285
10,1,Sunny,Residential,26.050097760101945,HIGH,41.31375162805237
19,1,Sunny,Main Road,24.428389659163617,HIGH,41.56689859519661
20,0,Cloudy,Main Road,22.79680864857098,HIGH,43.366074327130164
20,6,Sunny,Highway,25.131735017092844,MEDIUM,31.007245154826304
19,3,Cloudy,Main Road,22.695682395503077,HIGH,38.308355735315594
19,6,Cloudy,Highway,25.26935184793209,HIGH,38.5060649797559
18,3,Sunny,Residential,15.803401068225558,HIGH,26.326975448012185
1,5,Sunny,Residential,12.563614328631498,LOW,12.542118289220717
17,5,Cloudy,Residential,22.92352896432499,HIGH,40.36966276449118
16,3,Sunny,Residential,29.899381572452512,MEDIUM,39.36550118356309
18,1,Cloudy,Residential,11.378174427403208,HIGH,19.533407278125054
9,4,Sunny,Highway,10.359657689467983,MEDIUM,14.018271061513738
10,2,Rain,Highway,28.234473705260005,HIGH,42.72070038155872
9,5,Rain,Residential,10.458582527480239,HIGH,18.049944880497165
0,3,Sunny,Highway,15.067233142442241,LOW,13.143105519919727
12,0,Sunny,Residential,29.174478361249115,MEDIUM,37.444207682612245
17,6,Sunny,Highway,26.636401855769336,MEDIUM,32.717879502585994
6,6,Rain,Main Road,26.630292005536486,MEDIUM,37.62995810825277
8,5,Sunny,Residential,10.149761810444549,HIGH,16.730636474540237
18,6,Cloudy,Residential,9.152493674728543,HIGH,15.746976808374654
8,4,Cloudy,Highway,7.362518232633132,MEDIUM,10.643004949850777
16,6,Rain,Main Road,19.456951036729187,HIGH,32.62772574393896
13,2,Sunny,Highway,29.171788107862373,LOW,31.032378378209792
7,3,Rain,Residential,7.208706079766099,HIGH,13.729897277888115
7,6,Cloudy,Main Road,20.647976836131978,HIGH,32.168687771426185
11,5,Rain,Residential,22.7437533386559,MEDIUM,30.917656748087218
6,0,Sunny,Main Road,9.835531284956252,MEDIUM,12.654422107356536
15,3,Cloudy,Main Road,17.991668748179617,MEDIUM,23.774054146796722
13,0,Sunny,Main Road,7.232471012608384,MEDIUM,9.103324167317759
7,6,Rain,Highway,28.998327655294126,HIGH,44.365826603055645
6,1,Rain,Residential,5.324651539246895,HIGH,8.848349481647874
1,0,Sunny,Highway,10.598595851993105,LOW,9.429533389281179
9,2,Sunny,Residential,9.970241228621106,HIGH,17.701856348452715
2,2,Rain,Residential,5.319156811950896,MEDIUM,6.8436900197909765
12,6,Cloudy,Main Road,22.600893342047947,LOW,26.483640245715794
2,2,Cloudy,Highway,18.257889386542242,LOW,17.891279124953385
14,5,Sunny,Main Road,16.302264999879007,LOW,19.10387807668741
5,6,Sunny,Main Road,9.53010656542115,LOW,8.345488675237505
12,4,Rain,Main Road,29.5228946503683,HIGH,47.93327614976973
21,6,Rain,Main Road,14.047797306441781,MEDIUM,19.035236444293496
3,0,Rain,Main Road,12.706361576510398,MEDIUM,16.99444927933327
20,6,Sunny,Residential,25.91732581146949,HIGH,41.30345490803964
13,4,Rain,Residential,18.401018617206024,HIGH,27.749907795688006
16,2,Rain,Residential,16.857068576005574,HIGH,27.588575260817358
18,2,Sunny,Residential,27.895143031058332,HIGH,52.83161115478019
15,0,Sunny,Main Road,10.019114008244259,MEDIUM,13.306433196371652
11,4,Cloudy,Main Road,23.383797134231543,MEDIUM,31.371473247435176
18,5,Cloudy,Main Road,23.614538959843436,HIGH,37.84234680355905
8,6,Cloudy,Residential,5.901972636003253,HIGH,9.855675392566873
19,5,Sunny,Residential,23.124376101958315,HIGH,38.76506103001913
7,5,Rain,Main Road,13.319153986411031,HIGH,21.507297603022423
1,6,Cloudy,Residential,5.182284484542439,LOW,5.424024884520165
6,1,Rain,Residential,8.021640749215083,HIGH,12.340767581408892
22,2,Sunny,Main Road,10.535274084396296,MEDIUM,13.970865030497745
2,2,Sunny,Residential,26.997780238524793,LOW,30.511778626380213
0,2,Sunny,Highway,25.054139893147074,LOW,23.468331979366322
17,3,Rain,Residential,15.797031448404388,HIGH,27.48109311504068
13,2,Rain,Main Road,26.594224950649515,HIGH,41.594038156331656
15,1,Rain,Residential,16.86342598208344,HIGH,26.06240634577215
18,2,Sunny,Highway,26.928144449142355,MEDIUM,35.506910526719345
15,6,Rain,Highway,22.051539174067308,MEDIUM,26.96915799602896
14,3,Rain,Residential,16.733316481520347,HIGH,26.500236506839727
2,2,Cloudy,Highway,27.23616192516537,LOW,27.01539326469495
16,4,Sunny,Main Road,5.57317241017466,MEDIUM,7.464074206316448
20,5,Sunny,Main Road,5.792608072185791,HIGH,10.11685820913229
10,3,Cloudy,Highway,17.022134118750028,HIGH,27.593573203150104
5,4,Sunny,Highway,27.0761551929227,LOW,23.502192369979724
3,1,Sunny,Main Road,16.543018045565784,LOW,17.541289388936082
9,5,Sunny,Residential,23.410483555129158,MEDIUM,33.98904558794067
14,0,Cloudy,Residential,17.62560724811655,MEDIUM,23.60076277191059
12,6,Rain,Main Road,7.97763885677749,LOW,9.319774149533083
6,6,Rain,Residential,21.1371837000159,MEDIUM,27.444652112297973
8,4,Cloudy,Main Road,10.326668253701087,HIGH,18.815198544486154
9,2,Rain,Highway,16.980221454930074,HIGH,29.380403344418646
17,6,Rain,Highway,24.796516869816976,HIGH,39.166275363737405
15,5,Rain,Main Road,23.65281604680697,MEDIUM,29.962675369539216
17,5,Rain,Main Road,29.91288776368542,HIGH,57.035945970296346
20,2,Cloudy,Highway,26.11854156725964,HIGH,45.06606355015901
3,5,Cloudy,Highway,10.168065956496637,LOW,9.152781420979752
12,3,Sunny,Highway,5.533269710726056,LOW,6.310282521275514
11,6,Cloudy,Main Road,11.618430087166487,LOW,13.259734586985322
11,2,Sunny,Highway,22.065433312749715,LOW,22.772752005870306
20,4,Cloudy,Highway,7.335449970965495,HIGH,12.56461786191352
2,5,Rain,Highway,22.49458276461475,LOW,22.554398977984672
1,2,Rain,Highway,24.544053951859148,LOW,24.348974848553727
11,2,Rain,Main Road,22.720414036565916,MEDIUM,33.549713531693676
19,3,Sunny,Residential,25.283713848411146,HIGH,49.407385709738016
10,5,Rain,Main Road,10.917554260467494,HIGH,18.186788165474216
21,1,Rain,Highway,15.914769756011225,MEDIUM,19.96527322482971
16,2,Sunny,Main Road,14.128242478989302,MEDIUM,17.878620297572688
16,5,Rain,Highway,13.413587120410742,LOW,15.294666994379957
23,5,Rain,Main Road,26.124151219303048,MEDIUM,34.29085016464256
22,6,Cloudy,Residential,18.86016295882406,MEDIUM,23.75487567458207
18,1,Rain,Main Road,12.202670985315343,HIGH,22.491233135091342
13,4,Cloudy,Main Road,24.596357336695636,MEDIUM,34.020385679508315
10,4,Rain,Highway,26.47007213197705,HIGH,43.7657273327901
10,2,Cloudy,Main Road,20.689635369303232,HIGH,36.394626948902086
9,5,Sunny,Highway,10.420627727045563,MEDIUM,13.507343168342565
7,3,Rain,Main Road,20.39237388196168,MEDIUM,30.026061718162218
11,4,Cloudy,Residential,25.80319473716236,MEDIUM,35.1701612030643
23,6,Sunny,Main Road,15.659288639681755,LOW,18.32737701245569
15,0,Sunny,Main Road,14.100342278578013,MEDIUM,18.72641421737713
14,3,Cloudy,Main Road,20.60163176324918,MEDIUM,26.32747124989612
4,3,Sunny,Residential,17.066886648032963,LOW,20.02700103267996
11,0,Rain,Residential,10.048956587222408,MEDIUM,14.974450832274783
10,2,Cloudy,Main Road,18.89210936439403,HIGH,32.88321255547495
11,3,Sunny,Highway,15.599066874404011,LOW,16.445790027236693
11,6,Rain,Main Road,22.483886884625957,MEDIUM,33.417528407898146
11,6,Sunny,Main Road,29.712809138658063,MEDIUM,38.185183629083696
1,2,Sunny,Highway,16.84123383626238,LOW,14.744288433061026
10,6,Sunny,Highway,20.643680788240818,MEDIUM,28.277716462034057
1,6,Rain,Residential,29.138164192916793,MEDIUM,37.2907292963307
16,4,Rain,Main Road,21.155744656774544,MEDIUM,28.476980162233314
17,1,Rain,Highway,7.3208657480826345,HIGH,11.867899175876612
1,0,Rain,Residential,9.746485070506559,MEDIUM,12.274400440313155
7,3,Rain,Highway,9.62352426902336,MEDIUM,14.261115880539773
14,4,Sunny,Residential,29.85707382709919,MEDIUM,36.610411502041394
9,2,Cloudy,Residential,7.483492112288355,HIGH,13.218797907676805
8,6,Sunny,Residential,5.197553549646884,MEDIUM,7.132005684786122
23,6,Cloudy,Main Road,12.302550502258287,LOW,13.379600582489516
14,5,Rain,Highway,24.16239721406698,MEDIUM,29.104384710323767
19,6,Rain,Main Road,17.957079167091166,HIGH,33.21058323675667
18,1,Cloudy,Main Road,18.161863097150658,HIGH,33.189036736565264
19,1,Rain,Residential,22.578454191788925,HIGH,42.51352984351113
9,5,Sunny,Highway,20.376250684102764,MEDIUM,24.53868225686162
0,6,Rain,Residential,25.130096445797268,LOW,29.178459541831586
16,0,Sunny,Residential,29.658827397557808,MEDIUM,37.849420971739015
4,1,Rain,Residential,20.75361415273945,MEDIUM,26.36092782033996
5,0,Sunny,Main Road,10.194718619883767,LOW,10.59868041382123
12,5,Rain,Highway,10.093815646074923,MEDIUM,12.272422255669088
15,4,Sunny,Highway,28.206057821492728,LOW,32.11121620190265
10,5,Cloudy,Residential,14.984861994483719,HIGH,26.083689428126704
12,4,Rain,Highway,6.352793329710583,MEDIUM,7.805699469299619
20,5,Cloudy,Residential,15.608726974788729,HIGH,28.356625001781513
5,3,Sunny,Main Road,15.277171266706828,LOW,15.164596650411898
8,6,Cloudy,Highway,6.057774026217265,MEDIUM,7.95878619746942
22,0,Cloudy,Highway,6.267729373566862,MEDIUM,7.5613642197226465
11,5,Rain,Highway,25.111663702937108,LOW,29.371707787284397
10,0,Rain,Highway,20.647698801590366,HIGH,39.76603251729943
16,6,Cloudy,Main Road,15.268915018107277,MEDIUM,20.890409788510578
8,1,Sunny,Highway,18.69918232705231,MEDIUM,24.47242512344332
16,4,Sunny,Residential,25.586847791646708,LOW,30.614057715811548
2,4,Cloudy,Main Road,16.47820165384197,MEDIUM,20.08513333782657
13,2,Rain,Residential,5.523239995120528,HIGH,8.662462116827161
19,3,Sunny,Highway,25.04432981646281,MEDIUM,34.85113456839849
6,0,Cloudy,Highway,20.687779054787008,LOW,23.088419024655213
1,3,Sunny,Highway,19.883463224614154,LOW,16.292397647815967
12,4,Rain,Main Road,12.187517795553845,MEDIUM,17.368159702307455
14,1,Sunny,Highway,12.085462891651154,LOW,12.485097604632161
2,1,Cloudy,Main Road,15.280838487928737,LOW,15.774260319206189
13,2,Cloudy,Residential,5.554266463689493,MEDIUM,7.552173170465123
13,3,Sunny,Highway,21.861304127043912,LOW,23.885039778805982
4,3,Rain,Main Road,7.818365396506395,MEDIUM,10.784335356285697
21,3,Rain,Main Road,6.041732249085967,HIGH,9.28725144282297
5,0,Rain,Residential,7.282739216348547,MEDIUM,10.360063723821717
7,2,Sunny,Residential,25.086571430719687,HIGH,42.877956441512005
11,2,Rain,Main Road,23.351899754770404,HIGH,37.889969378411784
15,6,Sunny,Main Road,19.54204196050763,LOW,21.1533296010607
4,2,Sunny,Main Road,22.08510336746773,LOW,22.855213478629054
21,2,Rain,Highway,19.338426296515358,MEDIUM,23.344435528842258
2,2,Rain,Main Road,18.609326538522588,LOW,20.300332231557217
9,3,Cloudy,Residential,11.195325073650189,HIGH,20.309935540681103
22,6,Cloudy,Residential,12.566376066488731,MEDIUM,16.138563972411085
3,3,Cloudy,Highway,16.270930232308086,LOW,15.982390234703379
0,6,Rain,Main Road,16.020903300771053,LOW,18.947772816752376
21,6,Sunny,Highway,28.010643182538747,LOW,28.259927015984367
17,2,Cloudy,Residential,7.711018073188762,HIGH,13.259366890896064
15,5,Sunny,Residential,24.355767138824692,LOW,25.987216664291687
11,5,Cloudy,Residential,7.099055568585534,LOW,8.3796309688026
18,1,Cloudy,Main Road,21.08957881099873,HIGH,34.47238708968441
1,3,Cloudy,Residential,22.934386767713978,MEDIUM,29.329684785378916
23,2,Rain,Highway,28.28489289450215,MEDIUM,34.985443262484125
12,6,Cloudy,Highway,19.413732711404514,LOW,18.606628215626657
4,5,Rain,Highway,16.254169253755258,LOW,15.872751280181966
20,5,Cloudy,Residential,25.47705984850541,HIGH,40.62028951315586
0,4,Sunny,Main Road,25.960932225590152,LOW,26.07892041608532
18,0,Rain,Highway,21.342012671260793,HIGH,34.02465365429665
12,5,Sunny,Residential,5.603080232576608,MEDIUM,7.165657495468024
14,6,Cloudy,Main Road,24.622369306115896,LOW,28.659572370701884
3,0,Rain,Main Road,15.670061343811366,MEDIUM,20.999840024073094
0,3,Cloudy,Highway,20.893497749778415,LOW,20.443923618076855
3,4,Sunny,Highway,5.922970912251836,LOW,5.178087274322782
6,2,Cloudy,Highway,26.387070217627294,LOW,30.92173607862047
9,5,Rain,Residential,20.245286035297074,HIGH,35.25960204256491
23,4,Cloudy,Residential,16.82209182328297,MEDIUM,20.937943410240166
23,3,Cloudy,Residential,16.23186516461378,MEDIUM,23.36303152208703
19,4,Rain,Residential,28.628083678538424,HIGH,55.8759493761923
19,4,Rain,Main Road,23.79314763922165,HIGH,37.690746906381285
6,0,Rain,Main Road,27.301469418066127,MEDIUM,40.65400295576135
3,4,Sunny,Residential,15.505717426941615,LOW,16.667721312274637
21,0,Sunny,Residential,6.907544256246774,MEDIUM,9.14519767139014
10,5,Cloudy,Residential,8.315117119923155,HIGH,13.638165159330647
10,1,Cloudy,Residential,9.291613409903512,HIGH,15.470699164529657
8,3,Rain,Highway,7.843409438859029,HIGH,12.751126873770374
9,5,Cloudy,Highway,16.30144097483871,MEDIUM,22.032367328366806
20,3,Rain,Main Road,13.391177636695177,HIGH,26.184848925017494
23,6,Cloudy,Main Road,25.912444546452793,MEDIUM,33.66895551094514
23,3,Rain,Highway,16.4670035057991,MEDIUM,21.270240541882448
20,2,Sunny,Main Road,11.190876942668911,HIGH,20.841434429102218
15,2,Sunny,Residential,8.518063556390175,MEDIUM,11.731751402446328
16,0,Rain,Highway,14.513377508432445,MEDIUM,19.760650222672535
5,4,Cloudy,Highway,9.986681710298713,LOW,8.938209210461881
0,6,Rain,Residential,12.885583923107585,LOW,14.63165319190248
8,2,Sunny,Highway,24.646234571347744,MEDIUM,32.21717122552514
23,4,Cloudy,Main Road,20.555844678161925,MEDIUM,27.586584528558582
0,0,Rain,Highway,17.62324890973,LOW,21.11225547546898
20,0,Sunny,Highway,24.066520751923825,HIGH,39.566557770825064
10,1,Rain,Main Road,24.914364908411567,HIGH,46.568892722087654
1,6,Sunny,Main Road,16.45138915058808,LOW,16.49984211014299
9,6,Rain,Highway,14.60870668056913,HIGH,22.896063329616123
0,1,Sunny,Highway,13.542065081940736,LOW,11.898241073273107
5,1,Rain,Highway,19.24039849722586,LOW,21.308166174780276
21,2,Sunny,Main Road,14.623028595563934,MEDIUM,20.769894600233684
10,6,Cloudy,Main Road,22.12951120912793,HIGH,38.88760167024645
16,6,Sunny,Highway,16.037422079237146,LOW,17.259095217536167
2,2,Rain,Residential,7.13519106436758,MEDIUM,9.546352883115368
15,2,Cloudy,Highway,14.574243894702816,LOW,16.160173885028076
2,4,Rain,Main Road,11.745314620779158,MEDIUM,14.490728441965203
0,1,Rain,Main Road,29.51309765509769,MEDIUM,39.23848094409228
10,4,Sunny,Main Road,21.169925334420842,MEDIUM,30.126780210956735
5,4,Sunny,Residential,13.22983368815465,LOW,14.326993040625352
2,6,Rain,Highway,21.078125626886955,LOW,19.617148334547824
3,2,Sunny,Main Road,5.170996180005306,LOW,5.634924153276399
22,5,Cloudy,Residential,19.52702250137197,MEDIUM,23.589717237872225
3,6,Sunny,Residential,5.763217566175875,LOW,5.425115815215676
16,5,Cloudy,Residential,12.680591649532278,MEDIUM,16.374913153917063
9,4,Sunny,Residential,18.56156415247834,HIGH,31.481508661496637
7,5,Cloudy,Main Road,27.17288141474589,HIGH,40.854555681608495
22,5,Rain,Highway,29.903601391028342,MEDIUM,37.96003805804415
3,0,Sunny,Highway,17.934559456006696,LOW,16.710303493533484
17,6,Sunny,Highway,12.245493155537314,MEDIUM,17.22280362959068
4,5,Rain,Main Road,14.863400491728513,LOW,16.900766004211786
0,1,Cloudy,Highway,28.432343608705867,LOW,29.42263537671068
14,6,Sunny,Main Road,16.85217227504871,LOW,18.778649133143464
20,5,Rain,Residential,19.751062682139562,HIGH,37.617657640504376
15,2,Sunny,Residential,22.52000039005891,MEDIUM,32.3062710119602
2,0,Cloudy,Residential,13.451032671793948,LOW,15.34290853675544
6,5,Sunny,Main Road,26.361838481024385,LOW,29.705650765080023
15,1,Cloudy,Main Road,25.108173037809486,MEDIUM,30.735163944360348
2,3,Rain,Residential,29.71968895417629,MEDIUM,38.38769334057405
13,6,Rain,Residential,22.83273615575089,MEDIUM,30.65079350882112
17,1,Rain,Residential,9.768108373104715,HIGH,17.543081645362072
14,4,Rain,Main Road,17.89932113538342,HIGH,28.173083003941795
20,1,Cloudy,Main Road,24.331824155606093,HIGH,40.558742479262115
2,6,Sunny,Residential,15.65953833641338,LOW,15.309632200526973
7,2,Rain,Main Road,22.997871349943498,HIGH,44.655101886554114
0,3,Cloudy,Main Road,5.153248891833099,LOW,6.133620311851716
21,4,Rain,Residential,24.809215872165442,HIGH,38.76918632696852
22,3,Sunny,Highway,10.942003344527265,LOW,13.09667800972543
11,0,Rain,Main Road,18.81112398197383,MEDIUM,28.048689299007442
18,2,Cloudy,Highway,9.903612065526039,HIGH,16.721237059448107
2,2,Cloudy,Highway,19.545875864749874,LOW,18.644264455067535
3,0,Rain,Main Road,17.447105219331092,MEDIUM,23.796770805422156
13,1,Cloudy,Main Road,23.353365660720733,MEDIUM,29.516610621597962
15,1,Cloudy,Highway,8.516669988121443,LOW,9.682951652160831
14,6,Sunny,Residential,9.968050845622958,MEDIUM,12.836675327269326
3,1,Rain,Highway,16.03370786889051,MEDIUM,19.37789935282748
18,6,Sunny,Main Road,28.613349136099103,HIGH,45.360864138409454
4,6,Sunny,Highway,27.57894857995797,LOW,22.84238292490083
15,6,Sunny,Highway,7.191988249460833,LOW,7.419431802975894
0,4,Rain,Main Road,9.049348081273779,MEDIUM,11.706049084475863
18,2,Rain,Highway,5.668776265322488,HIGH,10.01840017785538
22,3,Cloudy,Residential,28.795875976276214,MEDIUM,40.474125215025836
16,1,Cloudy,Highway,22.66054802626876,LOW,24.437898228513912
13,0,Cloudy,Residential,18.753819925818977,MEDIUM,25.455248714469835
2,2,Rain,Residential,19.348558239312332,MEDIUM,25.991770447141615
0,2,Sunny,Residential,12.7846954882688,LOW,13.4096533396981
9,1,Sunny,Highway,15.283961586882032,MEDIUM,18.542893435058183
12,0,Sunny,Highway,20.725154297853997,LOW,21.6186807576386
10,5,Cloudy,Residential,12.586536767549436,MEDIUM,18.131144036206617
21,1,Rain,Main Road,15.581580690112066,MEDIUM,22.86009957681956
12,6,Sunny,Residential,18.068365454811136,MEDIUM,22.432842812335682
15,5,Rain,Main Road,17.27766320547449,MEDIUM,22.60273855625067
14,5,Sunny,Highway,24.74584855382948,LOW,24.879455772110028
14,5,Rain,Highway,6.042993604714981,LOW,7.08806862159543
10,5,Rain,Main Road,28.23481803942582,HIGH,55.076308605345744
8,0,Rain,Residential,27.470708691625106,HIGH,47.94595675918938
9,5,Rain,Highway,11.19937658801275,HIGH,18.809213844911604
19,1,Rain,Highway,24.180784744109847,HIGH,41.95623892460243
1,2,Cloudy,Main Road,20.023766679915315,LOW,23.26325757945134
10,2,Sunny,Main Road,10.69759449298719,HIGH,16.163942221671338
4,0,Rain,Main Road,29.088347821475466,LOW,34.7396407639547
5,0,Rain,Main Road,13.976034202136383,MEDIUM,19.156258316091936
8,2,Sunny,Main Road,23.971118692134425,HIGH,43.6256159808746
14,3,Rain,Residential,26.863182918286565,HIGH,42.42073282933468
22,5,Sunny,Highway,24.057150171136392,LOW,23.553667559225165
0,2,Sunny,Residential,12.75889186085946,LOW,13.483418124493362
5,2,Cloudy,Highway,22.20206578142812,LOW,20.971780114640456
8,0,Sunny,Residential,29.639279453200317,HIGH,47.19102120410208
13,2,Cloudy,Highway,28.998225188516763,LOW,32.31550027628696
1,5,Cloudy,Residential,18.715350332563382,LOW,19.160936271288666
0,1,Sunny,Highway,13.157490838923295,LOW,12.144911229213601
7,6,Sunny,Main Road,11.106848481037428,MEDIUM,15.906965440867186
19,6,Cloudy,Residential,27.303552973338782,HIGH,46.41034683628161
8,6,Sunny,Residential,29.56530557965875,HIGH,51.05801886932861
18,4,Sunny,Main Road,15.098582662917835,HIGH,24.553775928571458
16,0,Sunny,Residential,9.791232768294932,MEDIUM,12.891150536707238
7,1,Sunny,Highway,25.351789195889218,HIGH,41.43668648299749
3,4,Sunny,Highway,16.59291050717304,LOW,14.506530732243592
0,1,Cloudy,Highway,27.588210694292403,LOW,24.33011581818119
12,6,Rain,Main Road,12.400451047035759,MEDIUM,17.837682267993852
10,0,Rain,Residential,8.870895356965221,HIGH,15.642271899297253
3,4,Sunny,Residential,8.437715960250786,LOW,9.001241547921461
12,5,Rain,Highway,6.318951842199892,LOW,6.224860045516635
5,5,Cloudy,Main Road,21.3496458877498,LOW,20.86300422517271
4,2,Cloudy,Highway,8.092339044906065,LOW,7.984788887286508
18,5,Rain,Main Road,11.753366949885756,HIGH,18.474031992500596
10,1,Cloudy,Main Road,18.38287814915669,HIGH,28.578832381461723
1,4,Sunny,Main Road,26.2878595314996,LOW,28.49565164605157
1,1,Sunny,Highway,9.871340533222524,LOW,9.040467027592406
16,0,Rain,Highway,28.725154189330173,MEDIUM,37.29471710887652
16,0,Cloudy,Highway,28.151432686646473,LOW,32.11646731944525
2,4,Rain,Residential,25.53198077735768,MEDIUM,35.52618762548802
4,2,Sunny,Main Road,22.593604456862785,LOW,23.262506673341658
8,4,Cloudy,Main Road,24.858091992754577,MEDIUM,35.96925653578336
13,0,Cloudy,Residential,18.301818980609944,MEDIUM,24.264683844283592
23,5,Cloudy,Main Road,25.155685649254615,MEDIUM,33.85901654801125
17,2,Rain,Main Road,21.330616884764712,HIGH,37.21984518955406
8,0,Cloudy,Highway,26.492704071190477,MEDIUM,37.295920652581216
1,0,Cloudy,Highway,19.33761694167957,LOW,18.635658590725548
20,5,Cloudy,Main Road,5.777051307328083,HIGH,10.091196558951202
3,5,Cloudy,Main Road,10.03229557059243,LOW,9.928547980621458
7,5,Rain,Residential,24.424663220436894,HIGH,40.863041860547874
8,1,Cloudy,Residential,19.33018154604129,HIGH,31.422923008548015
15,4,Cloudy,Residential,15.353486747650189,MEDIUM,21.07007460356946
11,5,Rain,Main Road,26.068085442561426,MEDIUM,35.440786153626156
15,5,Cloudy,Residential,23.197005030357687,MEDIUM,30.190564502134688
4,5,Cloudy,Highway,9.03503481545993,LOW,7.905771857130347
3,3,Cloudy,Main Road,22.762302240431165,LOW,25.205847972132702
12,2,Rain,Main Road,7.482477963113949,MEDIUM,10.958302326150186
0,2,Sunny,Highway,22.683737328173354,LOW,21.083374971778493
1,3,Rain,Main Road,21.979273527195847,MEDIUM,28.460206804228967
22,1,Cloudy,Main Road,17.259203657790863,MEDIUM,23.090815168221955
8,1,Sunny,Residential,29.869489274964717,HIGH,47.645581974872954
14,4,Sunny,Residential,15.455765346016099,MEDIUM,21.234160415362286
11,0,Sunny,Highway,8.448835458486421,LOW,8.395874172311778
8,1,Rain,Residential,11.28452579560863,HIGH,22.725344156836613
12,6,Cloudy,Highway,26.864659059181502,LOW,24.645196690333794
5,0,Rain,Residential,18.98580636727538,MEDIUM,23.518892143277768
11,0,Cloudy,Residential,10.23981225514721,MEDIUM,13.595380662032335
4,4,Cloudy,Highway,27.22720700251006,LOW,23.913608205387316
5,5,Rain,Main Road,21.74604116239565,MEDIUM,28.224865367493255
13,4,Rain,Highway,5.006467589642023,MEDIUM,6.03792010188076
15,0,Sunny,Highway,18.061167036060844,LOW,20.061928411172648
7,4,Rain,Residential,13.083725081800438,HIGH,21.253153892795616
10,6,Rain,Residential,17.902359426316096,HIGH,31.479038105799876
6,1,Sunny,Highway,25.476283679892617,LOW,28.998284856010827
0,4,Cloudy,Highway,16.621424059610852,LOW,14.265315226323347
7,0,Sunny,Main Road,17.83092193776247,HIGH,28.41402517013022
22,6,Cloudy,Main Road,13.516878203073846,LOW,15.804771574444334
9,2,Sunny,Main Road,20.46532508523111,HIGH,34.5349378558795
13,4,Cloudy,Residential,14.833652549970159,MEDIUM,20.122802891807993
3,2,Rain,Highway,5.984002893504591,LOW,6.994843376822824
21,2,Sunny,Residential,28.8607582987798,MEDIUM,35.45937904295323
12,2,Rain,Highway,28.226672279815023,MEDIUM,34.5924419965664
13,6,Rain,Main Road,16.228312040941727,HIGH,25.866314239453896
13,4,Rain,Residential,25.8488065497743,HIGH,44.470469761529436
14,2,Rain,Highway,28.943402571871594,LOW,34.55304110663374
20,1,Cloudy,Main Road,28.740437457644948,HIGH,50.74219529795598
19,2,Sunny,Main Road,16.8177399136843,HIGH,25.331109356050714
3,3,Rain,Main Road,13.909352808406314,MEDIUM,18.063212751391948
7,3,Rain,Highway,11.760180264785115,MEDIUM,15.145153883234101
11,0,Rain,Main Road,14.33174759036158,MEDIUM,21.144932358405512
18,1,Sunny,Highway,21.705757932556388,HIGH,39.05779845691281
10,6,Cloudy,Highway,8.52458364594837,MEDIUM,11.780193602395313
0,0,Rain,Main Road,16.445870187083578,MEDIUM,20.631169716058064
7,1,Rain,Main Road,9.540717292655113,HIGH,17.596362676652777
23,6,Sunny,Main Road,27.92183423249151,MEDIUM,33.73763378932747
6,0,Sunny,Main Road,6.82936989164979,MEDIUM,9.076689625060881
10,5,Sunny,Highway,19.707670084309346,MEDIUM,24.507721910039454
21,4,Cloudy,Residential,25.067528158648066,MEDIUM,33.34766035735561
1,0,Cloudy,Main Road,28.46603393132374,LOW,30.190664812773623
1,0,Cloudy,Residential,19.7813277466865,MEDIUM,25.62048032561802
9,1,Cloudy,Residential,15.942072436669498,HIGH,28.46779786075888
16,5,Cloudy,Main Road,9.661463736553923,LOW,11.11482974227048
0,5,Cloudy,Main Road,29.30589112912422,LOW,30.024516756656617
23,3,Cloudy,Highway,11.85134458734466,LOW,13.072185033271252
3,5,Rain,Residential,17.57782997574096,MEDIUM,21.675902286822023
20,1,Sunny,Highway,22.8439276700472,HIGH,36.50295327634075
5,0,Cloudy,Residential,24.637011927330942,LOW,27.46503627930587
4,5,Rain,Highway,12.236708275671045,LOW,12.772452225398661
15,0,Cloudy,Residential,11.647964214992333,MEDIUM,16.446302033250912
9,2,Cloudy,Residential,19.727412506532847,HIGH,30.6872126160973
23,2,Cloudy,Main Road,21.322698705023456,MEDIUM,28.805071571361538
12,2,Cloudy,Residential,15.825590115947067,MEDIUM,21.03855634665532
11,1,Sunny,Residential,21.78035682763754,MEDIUM,29.902630045160176
13,2,Cloudy,Main Road,28.16433865298432,MEDIUM,35.10226543536273
16,3,Rain,Highway,19.832116022391556,MEDIUM,27.2266478281431
8,1,Sunny,Highway,15.778117753007447,HIGH,24.075357781451622
13,4,Sunny,Residential,25.67173431370589,MEDIUM,34.849510705221505
13,6,Rain,Main Road,5.867526244689423,MEDIUM,7.903450680514944
18,0,Sunny,Highway,25.002510001272082,MEDIUM,33.27137201879644
17,5,Sunny,Residential,25.519028398721524,MEDIUM,38.0851168234274
3,6,Rain,Main Road,21.714597683670416,LOW,25.26174509583944
11,1,Rain,Main Road,13.886978803850653,MEDIUM,18.3570573613159
19,3,Cloudy,Main Road,16.370568668006236,HIGH,30.49262767431606
18,4,Sunny,Residential,17.541777166775724,HIGH,30.655655581649846
11,3,Cloudy,Residential,15.800654436159283,MEDIUM,23.059347657223668
22,6,Rain,Main Road,22.76477096327128,MEDIUM,31.165748648456148
4,2,Rain,Main Road,27.59894684812245,MEDIUM,38.46184835229204
23,3,Sunny,Main Road,26.517789070414047,MEDIUM,34.92127198297248
22,1,Rain,Highway,14.833359122594377,MEDIUM,21.446327359433553
11,6,Sunny,Main Road,29.15253978033638,MEDIUM,35.61505557359135
1,0,Sunny,Highway,21.374473457792625,LOW,20.262884624991308
19,6,Sunny,Residential,24.665658100844926,HIGH,43.11421103357342
0,1,Rain,Residential,16.354914150917054,MEDIUM,20.477527804200832
20,0,Rain,Highway,20.847789360958373,HIGH,41.69283337512828
23,2,Cloudy,Residential,9.571805177350408,MEDIUM,12.010281567939876
7,4,Sunny,Residential,13.820177621481855,HIGH,23.156011951071637
12,1,Cloudy,Highway,21.839915428023783,LOW,24.11410684762845
10,2,Rain,Residential,25.95460375469512,HIGH,39.959849247113226
9,4,Cloudy,Highway,23.825588365656532,MEDIUM,34.69788154144979
23,4,Sunny,Residential,26.677987137204386,MEDIUM,38.47601373780155
20,4,Rain,Main Road,5.611087333357682,HIGH,9.524643144942829
0,4,Sunny,Main Road,17.105411867833247,LOW,18.239797934363164
22,5,Sunny,Highway,23.912272317306538,LOW,23.744277898824766
10,2,Cloudy,Main Road,6.621789752984615,HIGH,10.012546133672275
9,4,Sunny,Main Road,16.703818093540036,MEDIUM,24.48738431604208
3,2,Rain,Highway,19.50244322738718,LOW,22.03274351505138
5,3,Rain,Highway,25.806719202331436,LOW,26.946355496108605
8,6,Sunny,Residential,11.239022979399937,MEDIUM,16.30154983932395
19,5,Cloudy,Residential,9.52338920750443,HIGH,15.96391980168858
2,6,Sunny,Residential,26.621706262915023,LOW,30.47475499602738
3,1,Cloudy,Main Road,19.986359000656826,LOW,22.696466129369817
2,2,Sunny,Highway,24.744266893602045,LOW,20.374249034512538
5,0,Rain,Main Road,26.40937310707655,LOW,30.382998657879234
8,6,Cloudy,Highway,14.846850903925592,MEDIUM,22.063001192867553
18,6,Cloudy,Residential,7.322617779091482,HIGH,11.792620017944339
14,5,Sunny,Highway,27.9962097274495,LOW,29.65710146155648
14,4,Sunny,Residential,17.681773286770877,MEDIUM,24.457887431132704
21,3,Sunny,Highway,20.03962016031179,LOW,20.88579932267416
1,0,Sunny,Residential,6.0846866107568855,LOW,6.47153153305443
4,2,Rain,Residential,26.511669908487903,MEDIUM,34.33023528192231
12,2,Rain,Main Road,8.014888144924155,HIGH,12.231031871026696
7,2,Cloudy,Main Road,20.94305917929823,HIGH,32.6636609661609
21,3,Rain,Main Road,28.45686141817145,HIGH,43.90260225007931
10,0,Cloudy,Main Road,17.377008647474085,HIGH,28.46229953823648
11,0,Rain,Main Road,14.897082591220997,MEDIUM,22.10374946841654
18,3,Cloudy,Main Road,5.315176330837424,HIGH,10.5292105221667
22,1,Cloudy,Residential,12.86941818025824,MEDIUM,17.679746354522862
20,1,Sunny,Highway,19.098841354205433,MEDIUM,25.88370696111138
23,2,Cloudy,Main Road,16.99892888177355,MEDIUM,22.88016510734063
4,1,Cloudy,Main Road,15.330317736617076,LOW,16.739417858226545
1,1,Rain,Main Road,6.15596177896918,MEDIUM,7.65786351666342
4,0,Sunny,Residential,24.47908051317857,LOW,26.87847968702472
21,1,Rain,Highway,9.154889771222237,MEDIUM,11.330070687360422
9,4,Cloudy,Highway,18.924798045363254,MEDIUM,24.912681836166595
10,1,Rain,Highway,28.028694939943026,HIGH,48.135482918231965
15,3,Cloudy,Residential,20.592557755121444,MEDIUM,27.005862527237028
12,3,Cloudy,Main Road,20.189155434930264,MEDIUM,28.73938416839885
21,4,Rain,Main Road,10.25904028081158,MEDIUM,14.269585914218263
23,0,Rain,Main Road,13.38475666554298,MEDIUM,19.912862367742648
5,3,Cloudy,Residential,23.7695298065016,LOW,27.18547522079402
23,6,Sunny,Main Road,11.126190094651143,MEDIUM,14.589869173825864
22,4,Rain,Highway,16.83941568451808,MEDIUM,20.74880752172963
21,5,Sunny,Main Road,20.95083908204093,LOW,23.64754949363214
11,0,Cloudy,Residential,23.22169194810953,MEDIUM,33.92528900595177
12,1,Rain,Residential,14.652834340511143,HIGH,22.893999810698897
19,1,Cloudy,Main Road,20.101772154519985,HIGH,40.779627271999715
20,5,Rain,Main Road,7.08461871745837,HIGH,13.548041505587141
9,2,Sunny,Residential,29.375422399534347,HIGH,47.41594751738556
17,1,Rain,Highway,8.032627961606163,HIGH,13.74319913053795
4,5,Sunny,Main Road,29.138903896107305,LOW,28.191130948749567
0,0,Rain,Highway,8.998574229028055,LOW,9.454819010258394
11,1,Sunny,Highway,20.67957404130877,LOW,21.578431507528556
2,1,Sunny,Main Road,20.928993329379768,LOW,22.54456495786829
0,4,Rain,Highway,6.988737130157936,LOW,7.328816219481393
13,3,Sunny,Highway,25.84359621860029,LOW,26.07564044633617
7,0,Rain,Main Road,17.14894626952781,HIGH,29.834354920814278
22,0,Rain,Highway,21.403958123518922,MEDIUM,29.688766597184948
10,6,Sunny,Highway,28.47527524345105,MEDIUM,40.79624998450694
16,6,Cloudy,Highway,14.317951074455932,LOW,13.908102806518627
14,5,Sunny,Residential,22.24875859030514,MEDIUM,28.378420877689695
1,6,Cloudy,Highway,6.164675806322055,LOW,5.4336282401071925
23,1,Cloudy,Residential,22.83491011111095,MEDIUM,29.57870413244362
21,5,Sunny,Highway,14.36644726640005,LOW,14.799151249049359
17,1,Sunny,Residential,23.40068618843904,HIGH,39.58169054567812
11,1,Rain,Highway,27.101394862686433,LOW,31.741006746118828
23,2,Sunny,Residential,28.864206095292538,MEDIUM,37.910408924253524
21,0,Sunny,Residential,23.936444648251165,MEDIUM,30.158864004282684
13,3,Rain,Residential,15.28586267248818,MEDIUM,21.38412228958481
6,4,Cloudy,Main Road,23.85031017834042,MEDIUM,28.84282355668763
19,4,Cloudy,Highway,17.083186150671814,HIGH,30.766865240121184
9,5,Sunny,Main Road,24.798521920551796,MEDIUM,32.16792679931689
10,0,Cloudy,Main Road,24.884138613888787,MEDIUM,35.46944409216191
13,3,Cloudy,Highway,10.817121971709488,LOW,12.288446255180478
23,0,Rain,Residential,23.151926477853543,HIGH,38.077091941826865
1,2,Rain,Highway,13.048267351030013,LOW,12.770794922892504
5,3,Rain,Residential,29.54752185245806,MEDIUM,39.52131638714124
3,6,Rain,Residential,27.69437373359839,LOW,30.409067135336546
8,0,Cloudy,Highway,26.24579704987848,MEDIUM,36.483018036030714
0,1,Cloudy,Highway,15.030743724628929,LOW,13.76343703919364
15,6,Sunny,Residential,7.217887055294268,MEDIUM,8.831941269242183
14,4,Cloudy,Residential,18.90376638724263,MEDIUM,27.69766952655259
8,6,Sunny,Main Road,23.456902291671245,HIGH,36.80654640235868
7,4,Rain,Residential,8.011758360555255,HIGH,13.808670143585676
8,6,Cloudy,Residential,15.171859431983446,HIGH,26.998874676955747
10,1,Cloudy,Residential,14.977646868264953,HIGH,23.38736249525234
14,3,Cloudy,Main Road,6.8775354944143565,MEDIUM,9.942872105839236
4,1,Rain,Highway,18.87797053981506,LOW,20.90504180903956
16,6,Sunny,Main Road,16.51122053286406,LOW,17.473185870221787
11,5,Rain,Residential,22.243011888598307,MEDIUM,32.17426027494792
16,3,Sunny,Main Road,28.932919124401593,MEDIUM,37.30398684874935
20,5,Cloudy,Residential,16.814944425923592,HIGH,31.62962901042643
19,1,Rain,Residential,15.022097391258589,HIGH,29.354010240555343
12,2,Rain,Main Road,11.664178359380955,MEDIUM,16.68744207050733
12,6,Rain,Main Road,8.271768933183086,MEDIUM,11.662679489177215
5,6,Sunny,Main Road,11.223209450671504,LOW,11.777053487409358
0,3,Rain,Highway,6.41302269922563,LOW,6.823397669669084
3,2,Rain,Highway,7.296654949784102,LOW,7.596493095027754
5,6,Cloudy,Highway,15.028788479292256,LOW,12.38479556116124
14,0,Cloudy,Main Road,11.658612631970323,MEDIUM,16.24036312861203
9,1,Cloudy,Main Road,28.350383182484315,HIGH,42.52886226311837
8,2,Rain,Main Road,16.95128143607546,HIGH,29.428369778773824
22,2,Sunny,Residential,24.206885304349445,MEDIUM,32.91035225665778
2,1,Rain,Highway,8.075409862902479,LOW,8.893279456725702
8,5,Cloudy,Main Road,9.450835396840393,HIGH,15.082323497988112
10,1,Rain,Residential,20.458027744351355,HIGH,42.030272574271244
11,1,Sunny,Highway,16.617942958340866,MEDIUM,20.176803126975376
20,0,Rain,Highway,26.415803446985613,HIGH,46.96575721137278
1,2,Cloudy,Residential,9.287907343371844,LOW,10.239993003916627
2,1,Cloudy,Main Road,29.492306504372518,LOW,34.11112945606281
12,1,Cloudy,Highway,23.61942858387638,MEDIUM,28.962789417897916
0,3,Cloudy,Residential,23.58614992170371,LOW,28.06489912798442
20,3,Sunny,Residential,16.146847701284045,HIGH,27.208071323568383
2,4,Cloudy,Residential,28.893803488473132,LOW,30.980054261641047
8,3,Sunny,Main Road,19.532707819526774,MEDIUM,28.402464530080433
4,5,Sunny,Highway,15.382872083056704,LOW,13.612010934674656
15,1,Rain,Residential,18.528338338364648,HIGH,29.95241166288912
4,0,Sunny,Highway,18.854604659808928,LOW,18.147038699991775
17,2,Sunny,Main Road,5.917157502931906,HIGH,9.789167181844592
19,6,Rain,Main Road,17.631374015490778,HIGH,27.382597130460343
8,1,Cloudy,Main Road,5.346011974222693,HIGH,8.88091968144093
17,3,Sunny,Residential,29.493889949091677,HIGH,52.62510213627565
10,5,Rain,Residential,26.67850892983794,HIGH,43.10668644835477
15,5,Rain,Residential,9.260912648035845,MEDIUM,13.245296907902986
19,5,Rain,Highway,14.748817131589743,HIGH,24.248228995940867
6,4,Cloudy,Residential,21.816319066190236,MEDIUM,28.529191139002787
18,0,Sunny,Main Road,29.327113071174995,HIGH,45.93762257316332
11,6,Rain,Residential,15.245371538954268,HIGH,23.218461989995134
11,2,Rain,Main Road,27.680043227458224,MEDIUM,40.39237311200608
5,0,Sunny,Highway,17.510217780426842,LOW,14.465987643157606
9,6,Rain,Main Road,27.871907819767127,HIGH,44.31032552390713
1,4,Cloudy,Residential,20.830062187115274,LOW,23.917223645455966
20,1,Cloudy,Main Road,24.094623202438672,HIGH,48.03674960273901
13,5,Cloudy,Main Road,16.468685026476425,LOW,19.714381140858737
11,5,Rain,Highway,13.256450309613445,MEDIUM,16.18084515730399
13,3,Rain,Residential,6.284461856315097,HIGH,10.651997544376432
15,4,Rain,Highway,20.529139204649447,MEDIUM,26.973581273700546
5,1,Rain,Main Road,17.40877551115961,MEDIUM,23.634089178297884
4,0,Sunny,Residential,17.92517470930127,LOW,18.437824234543825
8,6,Sunny,Main Road,19.258750474918386,MEDIUM,25.862379118230184
10,3,Cloudy,Highway,25.928914788128637,MEDIUM,38.0421315814052
19,6,Cloudy,Main Road,22.635821410949855,HIGH,35.82735650639026
23,1,Sunny,Main Road,6.488769708410285,MEDIUM,8.048641779862454
6,2,Cloudy,Highway,6.723695644589151,LOW,7.663865573447287
5,5,Cloudy,Main Road,29.91500072241431,LOW,31.39068994240652
22,4,Sunny,Main Road,7.125722133451758,MEDIUM,9.877353910145924
6,6,Rain,Residential,10.785178404516596,MEDIUM,14.772982668048803
13,5,Cloudy,Highway,21.62425718842714,LOW,23.91715149043795
17,4,Sunny,Residential,8.958644286571715,HIGH,16.287428759424564
13,3,Rain,Residential,28.29504348583436,MEDIUM,41.69020599381767
13,2,Cloudy,Main Road,12.778797923974784,MEDIUM,16.508267425988944
16,0,Rain,Main Road,25.14806603283943,HIGH,37.837688817482295
3,0,Sunny,Main Road,20.606547557621965,LOW,21.184952735283986
1,4,Rain,Residential,23.77769029425348,MEDIUM,30.557575900965713
6,2,Rain,Residential,29.58493468721081,HIGH,45.749748908725586
0,3,Sunny,Highway,14.412901708930555,LOW,12.613156410010616
0,3,Cloudy,Main Road,22.932533865072507,LOW,25.678734189746866
16,3,Cloudy,Highway,7.684060657871035,MEDIUM,9.442371038826776
7,5,Cloudy,Residential,8.39524419105908,HIGH,13.198188807939232
9,0,Cloudy,Residential,13.179787141280789,HIGH,20.582807717598456
7,5,Cloudy,Residential,20.500099436611894,HIGH,31.666581819695722
16,6,Rain,Residential,27.35029173728681,MEDIUM,39.90440105314137
19,2,Sunny,Main Road,21.967458226760574,HIGH,36.963895900878676
22,4,Cloudy,Main Road,25.90527225593099,MEDIUM,35.73634788430377
10,1,Sunny,Residential,5.147626182096506,HIGH,7.964227088743091
4,6,Rain,Residential,14.392021688728594,LOW,16.268116383999722
18,3,Cloudy,Residential,22.187336338059957,HIGH,41.671180576704245
1,5,Rain,Residential,23.83560646856389,LOW,28.41914740923304
4,4,Rain,Highway,6.432393639806068,LOW,7.64706420167419
1,6,Rain,Main Road,11.03283704628231,LOW,12.568754271768988
21,2,Sunny,Residential,17.183182050922035,MEDIUM,24.170576137282122
12,2,Cloudy,Main Road,13.09034143444741,MEDIUM,17.148275328584333
22,5,Sunny,Highway,24.00701775430672,LOW,24.073198517273664
2,2,Rain,Highway,15.572624189270593,LOW,17.4046752691289
23,3,Sunny,Residential,13.127530545891384,MEDIUM,17.52175721386001
13,3,Rain,Residential,27.287163194551344,HIGH,44.797439049145886
12,2,Cloudy,Residential,5.353774864531142,MEDIUM,7.109075717195758
2,1,Sunny,Residential,13.355530242496375,LOW,14.819857606761287
11,0,Rain,Highway,14.329819566556532,MEDIUM,18.68758497970184
20,5,Cloudy,Residential,16.276237265330685,HIGH,29.85027661823462
15,4,Cloudy,Residential,17.04337246177129,MEDIUM,24.049859019423394
6,0,Rain,Main Road,28.242855486360725,MEDIUM,37.31905116691096
6,3,Rain,Highway,9.510773301481786,MEDIUM,12.156365791826145
7,0,Sunny,Highway,17.066921271675724,MEDIUM,23.93935053239771
3,3,Cloudy,Highway,29.325664734080277,LOW,28.09466962725151
7,3,Rain,Residential,5.424482270489418,HIGH,10.007738296628279
13,6,Sunny,Highway,9.816204311711871,LOW,9.990937682237568
11,3,Cloudy,Main Road,14.789822179887766,MEDIUM,19.592675484674334
2,0,Cloudy,Highway,25.952398325194213,LOW,24.086050719853453
0,1,Sunny,Main Road,24.174735904440464,LOW,25.441246479190223
12,1,Rain,Main Road,8.183118567524604,HIGH,12.54428312374756
17,4,Rain,Highway,5.321667262416661,HIGH,9.58886339385811
21,5,Rain,Residential,13.237880190010326,MEDIUM,17.48589219321228
20,5,Sunny,Residential,7.574368211233477,HIGH,13.378486167726926
19,0,Sunny,Residential,14.782674242537235,HIGH,25.16214093966919
19,2,Cloudy,Highway,17.677956013686526,HIGH,27.653551683722455
16,2,Cloudy,Highway,9.812366925375821,MEDIUM,11.803618947553279
21,4,Cloudy,Highway,25.81507429944628,LOW,28.16621960406248
23,0,Rain,Highway,8.88251016111929,MEDIUM,10.727160264233914
22,2,Cloudy,Main Road,25.761683415275748,MEDIUM,36.16426911937316
23,1,Sunny,Main Road,15.070208739736158,MEDIUM,18.986103919706505
4,5,Cloudy,Main Road,8.79406833723909,LOW,9.390241447262046
5,6,Rain,Residential,28.90500670398245,LOW,31.366563688175898
10,0,Cloudy,Residential,16.670125358126548,HIGH,27.126249279086263
2,3,Cloudy,Main Road,15.348273411233905,LOW,18.32494665808953
22,6,Cloudy,Highway,25.992028446401807,LOW,28.606012258991218
4,4,Cloudy,Residential,26.3962944715359,MEDIUM,31.761791410564292
8,5,Cloudy,Main Road,17.00644873709525,HIGH,28.127418173256203
17,4,Cloudy,Main Road,20.633348438876943,HIGH,31.650862745539683
18,6,Sunny,Residential,14.187601058620567,HIGH,21.89463992196819
6,4,Rain,Residential,29.32434926577793,HIGH,46.87749991595197
6,3,Sunny,Highway,19.47933610159853,LOW,21.049945363180782
13,3,Sunny,Residential,24.37503038480492,MEDIUM,33.37544683701829
15,4,Sunny,Main Road,8.39530371142869,MEDIUM,10.897975262585216
7,5,Rain,Highway,18.764514390345386,MEDIUM,26.833614750292217
13,3,Cloudy,Main Road,29.462540116131215,MEDIUM,38.46751498335955
9,6,Cloudy,Residential,10.594719757684885,HIGH,17.97473975208693
20,5,Sunny,Main Road,15.140796687333395,HIGH,27.024203639405183
6,4,Cloudy,Main Road,16.95790507532047,MEDIUM,22.031147416794813
2,3,Cloudy,Residential,19.924808220125286,MEDIUM,24.440147460618718
17,5,Rain,Main Road,23.65659485886259,HIGH,41.00962105919126
17,0,Sunny,Highway,13.262896391068619,HIGH,23.22549627196094
5,3,Cloudy,Highway,12.90591468515284,LOW,13.015629508733173
18,2,Rain,Highway,12.646376083442807,HIGH,25.170457673189528
19,6,Cloudy,Residential,5.324902504847441,HIGH,8.468562522285945
14,1,Rain,Residential,28.454615160864964,MEDIUM,41.61132473865647
9,5,Cloudy,Main Road,11.100290053440135,MEDIUM,16.256524103701548
19,2,Sunny,Highway,7.682813177700541,MEDIUM,11.498449079347399
2,4,Sunny,Highway,7.7302628757670195,LOW,7.050971803551073
21,4,Rain,Main Road,21.368651351509687,MEDIUM,29.394843883548294
18,5,Sunny,Highway,23.892402826505293,MEDIUM,34.0177155638989
21,4,Cloudy,Highway,25.642289366841556,LOW,29.44626406453554
1,5,Rain,Highway,24.008316057100885,LOW,24.395940687534143
12,6,Cloudy,Highway,29.843611686072585,LOW,31.545063091334875
2,1,Cloudy,Highway,21.19164239847147,LOW,19.837310295996303
14,2,Cloudy,Residential,22.493036697148618,MEDIUM,29.68125755614672
5,5,Rain,Residential,10.113213813610193,LOW,11.464313000079468
12,1,Rain,Highway,26.936437860953593,MEDIUM,32.90079552620394
10,0,Sunny,Highway,25.622579728648432,MEDIUM,32.09769206219716
1,2,Cloudy,Main Road,15.149792366142579,LOW,16.112165453389757
21,4,Rain,Residential,8.369343609221154,MEDIUM,12.111697250398636
14,2,Cloudy,Main Road,5.837411425546128,MEDIUM,7.779792292762059
0,1,Cloudy,Highway,14.451785206404734,LOW,13.601461947189643
8,6,Rain,Main Road,21.559755975159906,HIGH,34.140241557619525
12,2,Rain,Main Road,16.91562189683792,MEDIUM,23.743519495790416
7,3,Cloudy,Highway,13.886101924516712,HIGH,22.925146791038376
16,4,Sunny,Main Road,8.487398237045984,MEDIUM,11.124303458171177
1,5,Sunny,Residential,14.13250799258779,LOW,13.202750616412018
13,3,Sunny,Highway,18.586152692251105,LOW,20.032596434625013
23,3,Cloudy,Highway,21.225235232761005,LOW,23.61393647477881
0,4,Rain,Highway,17.600121411538254,LOW,16.481314278254214
10,5,Sunny,Highway,23.985054173482187,MEDIUM,30.748996631552195
9,5,Rain,Main Road,14.420558847999297,HIGH,25.337212011718222
19,2,Sunny,Main Road,24.23266915996062,HIGH,39.60173582978271
10,5,Cloudy,Residential,28.4641779126028,HIGH,46.6940000624383
5,2,Rain,Residential,26.84640353694502,LOW,30.848931406200002
21,3,Sunny,Residential,28.24182273596898,MEDIUM,38.14343000004161
14,5,Cloudy,Main Road,15.449166171874674,MEDIUM,18.668033115926555
21,4,Cloudy,Residential,29.83941657079555,MEDIUM,42.92753183656584
13,4,Sunny,Residential,29.771924292261573,MEDIUM,37.34596780179705
5,5,Rain,Main Road,7.256910087893383,MEDIUM,8.784712774752188
22,0,Cloudy,Highway,13.712939031543762,LOW,16.435921889241943
11,2,Cloudy,Main Road,11.955119048137998,MEDIUM,16.968737016210653
7,0,Cloudy,Highway,6.279148997839588,MEDIUM,9.052634454000529
5,4,Sunny,Main Road,16.87108609653712,LOW,17.392373648866677
9,3,Rain,Residential,28.780571553912637,HIGH,50.29849045339971
22,3,Rain,Highway,7.309462836887491,MEDIUM,9.5377435666907
5,6,Rain,Main Road,27.680576059268194,LOW,31.834490960012218
21,5,Rain,Residential,9.370974416080953,MEDIUM,12.69836116529352
20,5,Cloudy,Main Road,16.670768248459062,HIGH,29.254472933429195
17,2,Cloudy,Highway,7.578195085579429,MEDIUM,10.716453668834367
0,1,Sunny,Residential,27.263754420955784,LOW,29.34166786825567
9,6,Rain,Main Road,12.032192418531178,HIGH,20.038930029660477
22,1,Rain,Highway,10.71845079637785,MEDIUM,13.486036635775575
7,6,Cloudy,Main Road,9.473092590408875,HIGH,15.852102967206429
9,6,Sunny,Residential,20.89152427973052,HIGH,31.4815516063943
5,4,Cloudy,Highway,24.095191329258444,LOW,20.737794435555468
1,3,Rain,Main Road,23.686427742943067,MEDIUM,30.806052578392116
0,2,Cloudy,Residential,5.439687005643227,LOW,5.878573909104153
20,4,Sunny,Residential,14.493371824027594,HIGH,27.185485855328892
0,3,Cloudy,Residential,17.29016194971072,MEDIUM,20.766489685785878
4,0,Cloudy,Main Road,6.399458176428794,LOW,6.510690458011432
16,4,Sunny,Main Road,11.651918914641398,MEDIUM,14.759626303101621
2,5,Sunny,Residential,16.601368664940715,LOW,14.90475113462237
21,0,Cloudy,Residential,28.253287887019862,MEDIUM,35.67046998947735
10,1,Sunny,Residential,9.980012173988527,MEDIUM,14.848357472916376
18,6,Cloudy,Main Road,11.386692213926906,HIGH,21.695144471270023
9,6,Rain,Highway,8.915353679244692,HIGH,14.993376155203032
20,1,Sunny,Residential,19.662746872664613,HIGH,36.569576794931166
14,6,Cloudy,Residential,5.0896357223760695,MEDIUM,7.206910822677035
10,6,Sunny,Main Road,23.416745071853146,HIGH,41.534835311966496
7,4,Cloudy,Highway,6.354423770134308,HIGH,9.888359376274007
5,3,Cloudy,Residential,14.935830312610383,LOW,17.227178540358747
9,2,Sunny,Residential,25.99468470215211,HIGH,41.39276069810092
19,4,Rain,Main Road,8.858996153432267,HIGH,16.866036292591744
7,0,Rain,Main Road,21.014142381895365,HIGH,38.44281112838862
4,4,Rain,Highway,17.88355837004694,LOW,20.526546160040006
21,4,Cloudy,Residential,7.645190867517124,MEDIUM,10.078838290786285
6,3,Cloudy,Highway,7.619316626219801,LOW,8.939177501435049
22,1,Rain,Highway,22.295375293441566,MEDIUM,29.72030312582093
0,1,Rain,Main Road,13.91361970351722,MEDIUM,19.709327008176455
16,3,Cloudy,Residential,28.335785136886564,MEDIUM,41.20560066036196
12,3,Sunny,Main Road,8.3775128832314,MEDIUM,11.027465544630308
15,2,Sunny,Highway,5.167000956522095,LOW,5.471761285056385
19,1,Rain,Residential,8.846261716557697,HIGH,18.478278434934982
20,2,Sunny,Main Road,10.39862561614515,HIGH,16.323932905468304
4,3,Rain,Residential,13.215229303231682,MEDIUM,17.855786662356547
17,2,Rain,Highway,10.425710727728788,HIGH,18.93192292487891
14,2,Sunny,Main Road,25.855685444087786,MEDIUM,31.690857366204835
12,2,Sunny,Residential,25.74910251036051,MEDIUM,35.54632851365158
0,1,Rain,Main Road,11.008234545479638,MEDIUM,14.49415638748892
16,5,Rain,Main Road,9.705150459118268,MEDIUM,13.384162929452375
0,0,Sunny,Main Road,20.485032053604723,LOW,22.21100310595434
10,2,Rain,Main Road,10.042630186669944,HIGH,18.986316006716155
18,4,Sunny,Residential,29.573262858579124,HIGH,49.038465469406276
12,6,Cloudy,Residential,16.98187003765403,MEDIUM,22.009652140075403
21,2,Sunny,Main Road,16.75354946508891,MEDIUM,23.11997423820284
23,4,Sunny,Highway,17.972219822041282,LOW,19.812720155886502
21,3,Cloudy,Main Road,20.622488155798465,MEDIUM,26.790390239886886
5,6,Sunny,Residential,17.571496825709207,LOW,17.568269016824487
23,3,Rain,Residential,7.52169135719641,MEDIUM,10.731377164732715
2,0,Sunny,Main Road,18.45071659591264,LOW,20.940528742616152
13,3,Sunny,Highway,14.625878246071151,LOW,16.706627434975417
2,4,Sunny,Residential,26.00165805177174,LOW,27.968800390278876
20,6,Rain,Residential,14.175787663421817,HIGH,28.704610883155365
12,0,Rain,Residential,12.305086050167786,HIGH,19.949510264932403
11,1,Cloudy,Residential,10.672743182948171,MEDIUM,14.691752550555494
3,4,Cloudy,Main Road,19.137135893769468,LOW,22.244977516114922
19,6,Cloudy,Main Road,18.68591500632211,HIGH,32.58844381561863
23,2,Sunny,Main Road,14.239789174925065,MEDIUM,17.41936423815348
3,0,Rain,Main Road,12.808714540487399,MEDIUM,17.026930270002055
18,3,Rain,Residential,9.033213700440704,HIGH,18.516567150068376
9,1,Cloudy,Highway,23.566017461452244,MEDIUM,33.680452009469896
19,1,Cloudy,Highway,24.924056130032305,HIGH,41.8477975384261
13,5,Cloudy,Main Road,16.133886078887436,MEDIUM,22.1200997338224
21,5,Sunny,Residential,17.10787387747061,LOW,20.28801740139631
18,5,Rain,Highway,13.865155772782751,HIGH,23.83135197464966
17,2,Sunny,Residential,15.032553226132407,HIGH,26.751218212372002
7,5,Sunny,Main Road,6.531688117052008,HIGH,10.803099089521831
9,0,Sunny,Highway,15.225219034045441,MEDIUM,20.760523001246533
15,6,Sunny,Main Road,7.762479519585637,MEDIUM,9.35798128141684
14,0,Cloudy,Main Road,10.324769716949984,MEDIUM,14.848089476622222
5,5,Cloudy,Highway,19.236746117603047,LOW,17.197651671924497
15,5,Cloudy,Main Road,14.94098189016681,MEDIUM,19.880477551964137
9,1,Sunny,Main Road,21.00874028802273,HIGH,37.211763600816475
9,3,Cloudy,Main Road,8.152767072518067,HIGH,13.208147141092581
16,1,Rain,Highway,22.051333413303716,LOW,25.104744298925187
22,6,Rain,Main Road,5.820362877682518,MEDIUM,7.84578420998518
15,1,Sunny,Highway,8.868223129392234,LOW,10.636154089845007
13,3,Cloudy,Main Road,15.14862246255224,MEDIUM,20.006354611286163
5,2,Sunny,Residential,29.29087025149338,LOW,33.75690045760455
8,1,Cloudy,Highway,22.531880767394696,HIGH,35.72784654801529
17,5,Sunny,Main Road,18.850513266300265,MEDIUM,27.22203859442996
14,1,Sunny,Highway,10.589450407431269,LOW,12.18648011282777
20,4,Cloudy,Main Road,13.922452727751521,HIGH,24.399097124442907
14,0,Rain,Main Road,21.639853709451206,MEDIUM,31.24738776984363
11,0,Rain,Main Road,18.29006543247252,MEDIUM,27.169299964745775
10,5,Rain,Residential,25.93427681380241,HIGH,51.04530338324112
17,3,Rain,Highway,26.856400631213187,HIGH,44.507117906459776
10,5,Cloudy,Highway,14.155111962443682,MEDIUM,19.2560632250489
11,0,Rain,Highway,16.865549511740845,MEDIUM,23.26733684744674
5,3,Sunny,Main Road,24.130780709591118,LOW,25.82355661403224
0,5,Sunny,Residential,29.8396174036922,LOW,29.28274816458189
2,3,Cloudy,Residential,14.417675263610692,LOW,17.11323091814601
10,1,Sunny,Highway,8.18766028561682,HIGH,12.805907517811756
14,0,Rain,Residential,17.751449103426268,HIGH,26.674289179253176
5,4,Rain,Main Road,6.807542818677341,MEDIUM,8.549432124202465
21,2,Sunny,Main Road,24.201352594593025,MEDIUM,33.476761687277055
20,5,Rain,Highway,25.237433376863567,HIGH,43.24163834983024
23,0,Rain,Highway,13.090763076205748,MEDIUM,16.807941390202185
20,4,Sunny,Residential,8.018455816017596,HIGH,12.513209894706298
0,2,Sunny,Residential,25.971221056035734,LOW,26.92179569734178
12,5,Sunny,Main Road,28.929904520804556,LOW,33.9339136653299
18,0,Rain,Highway,29.0357624563689,HIGH,57.94594656466942
18,2,Cloudy,Highway,27.242708343471726,HIGH,48.44610898122073
13,3,Cloudy,Main Road,8.604666424118008,MEDIUM,11.031214740570249
16,6,Sunny,Main Road,24.433142833168173,LOW,25.7435578107391
17,6,Cloudy,Residential,27.536340298176246,HIGH,51.06237191894589
4,0,Sunny,Highway,6.975873806326408,LOW,6.292411627161779
21,2,Cloudy,Residential,27.53766374135445,MEDIUM,37.014642390328326
16,5,Sunny,Highway,5.567489729339169,LOW,5.688061855385526
16,4,Rain,Main Road,12.267543421917644,MEDIUM,16.046073070025244
23,5,Rain,Main Road,9.750756508541627,MEDIUM,14.61462598291593
8,5,Rain,Main Road,14.638703289380882,HIGH,22.16288885243776
11,6,Cloudy,Main Road,11.282385684660614,MEDIUM,15.226589776830522
6,4,Sunny,Main Road,27.112807066061276,LOW,31.191084267940077
8,6,Sunny,Residential,20.976661904496346,HIGH,33.076747247175064
18,1,Sunny,Main Road,20.297813784903617,HIGH,32.61806847118429
21,4,Cloudy,Highway,28.79681234406009,LOW,32.757461212794844
2,6,Sunny,Main Road,13.51140492236166,LOW,14.070272983598331
22,6,Cloudy,Main Road,20.869518181331884,MEDIUM,25.695370573316865
4,4,Sunny,Highway,26.522341939499647,LOW,22.12791593619477
4,4,Cloudy,Main Road,26.688673443007094,LOW,29.113291868750032
8,3,Sunny,Main Road,21.67364988728372,HIGH,34.966452709143724
9,5,Sunny,Residential,6.8305860516896,HIGH,11.512841375361253
16,3,Rain,Residential,15.67380457489418,MEDIUM,23.176465464213578
20,3,Rain,Main Road,16.767357118813386,HIGH,32.180376331037095
2,5,Sunny,Main Road,5.038420139123541,LOW,5.091857446682328
5,3,Sunny,Highway,21.060274009827,LOW,18.804099641614094
11,5,Sunny,Highway,26.6620448852321,LOW,27.89075187022361
7,4,Sunny,Highway,11.591942371455714,MEDIUM,15.680323939474299
5,3,Cloudy,Main Road,14.052799352612585,LOW,16.46406086598756
16,4,Cloudy,Highway,7.330861631745007,MEDIUM,9.323680891991243
7,5,Cloudy,Highway,18.281120216528496,MEDIUM,27.101879303378634
9,1,Sunny,Residential,24.89553937076643,HIGH,39.244468405810174
22,4,Rain,Highway,14.212655325119734,MEDIUM,18.740419327846126
12,4,Rain,Residential,25.73479932629341,MEDIUM,36.481441796271454
20,0,Sunny,Main Road,12.762164325882186,HIGH,19.77666784966943
20,3,Rain,Main Road,15.287734818855379,HIGH,31.471655605973318
16,6,Rain,Residential,24.684909737579204,HIGH,38.70541986751719
10,4,Rain,Main Road,24.506700455623427,HIGH,44.95758082554037
3,5,Rain,Main Road,23.70806281235582,LOW,23.978579484185705
8,3,Sunny,Main Road,17.185392821384088,HIGH,25.98127646692261
18,3,Cloudy,Main Road,24.144755594420573,HIGH,42.86890476620665
2,5,Cloudy,Residential,20.676104022499693,LOW,19.31938711387151
3,0,Sunny,Highway,23.558873097509622,LOW,20.3610720923293
19,0,Cloudy,Highway,12.99342022944365,MEDIUM,19.023573286796736
18,6,Sunny,Residential,22.482119872707592,HIGH,38.75906006834616
0,5,Rain,Highway,5.039122572759659,LOW,4.472597407802943
5,5,Sunny,Main Road,26.445202580352767,LOW,29.00947318337862
12,3,Cloudy,Residential,21.48075024197039,MEDIUM,28.32868352811816
11,0,Cloudy,Highway,19.658093166490755,LOW,21.092569646257097
8,1,Sunny,Main Road,10.80034310827904,HIGH,16.761379600849697
15,3,Cloudy,Highway,11.267269496470792,MEDIUM,14.066102285303716
10,4,Cloudy,Main Road,6.202204303223084,HIGH,10.686988466874359
19,0,Cloudy,Highway,16.75780946620954,HIGH,25.38375907653819
16,0,Cloudy,Highway,28.509267468072835,MEDIUM,34.25078131735864
12,3,Rain,Main Road,20.1061929320815,HIGH,31.16473073521053
23,0,Cloudy,Highway,23.76746657038717,LOW,26.490864929187634
21,6,Sunny,Residential,6.260446797688273,LOW,7.4596794722950355
18,2,Rain,Highway,27.08943001225721,HIGH,43.69633080997043
6,2,Rain,Highway,16.863719107505915,MEDIUM,21.07782351966365
16,5,Sunny,Residential,19.884677957284232,MEDIUM,24.694625600304754
23,5,Sunny,Highway,21.99661638194276,LOW,20.46187530801319
21,3,Rain,Highway,7.682918081234318,MEDIUM,9.34170961639841
12,5,Cloudy,Main Road,10.574128884839697,MEDIUM,14.519326366186887
12,3,Sunny,Highway,6.541607203324441,LOW,7.277977510658238
3,6,Sunny,Main Road,21.970567605871796,LOW,22.602718279365284
22,6,Rain,Highway,26.777375843461595,LOW,30.55422495172641
6,6,Rain,Residential,16.910480586555728,MEDIUM,24.13971152985888
15,5,Sunny,Residential,12.922571446885343,MEDIUM,16.724643354056088
10,2,Cloudy,Residential,19.818108563268634,HIGH,32.9427357753133
18,4,Cloudy,Residential,24.139465801663945,HIGH,46.33045396059444
15,0,Sunny,Residential,8.182312208019294,MEDIUM,11.107183629774237
6,1,Cloudy,Residential,19.29821107444089,MEDIUM,24.14836151837952
13,6,Rain,Residential,12.178186639350356,HIGH,18.76240984677875
16,2,Sunny,Residential,20.63509956861799,MEDIUM,27.00934333209067
13,6,Sunny,Main Road,15.893331592238207,MEDIUM,19.45274677878514
7,5,Cloudy,Main Road,27.072748305210112,HIGH,45.318126627126894
13,1,Sunny,Residential,8.784034357923785,MEDIUM,11.663056460379197
19,1,Sunny,Main Road,28.76310790771983,HIGH,49.771526165048726
3,2,Rain,Highway,13.768744543721954,MEDIUM,16.87263456504701
13,4,Rain,Main Road,26.262314494237224,MEDIUM,38.04043282647515
14,5,Sunny,Residential,11.134738792238455,LOW,13.246795007789217
11,5,Rain,Highway,18.158384253518825,LOW,20.228811812738382
11,6,Sunny,Residential,21.941229317042676,LOW,25.007264514848856
0,4,Rain,Residential,27.24129953988508,MEDIUM,38.35687314602556
8,3,Cloudy,Highway,19.706800917563108,HIGH,30.09690536907749
12,1,Cloudy,Residential,12.391930071387815,MEDIUM,16.648673304725374
14,3,Cloudy,Residential,19.351888077039987,MEDIUM,28.683101900967724
4,1,Rain,Main Road,27.996934110770397,LOW,32.68416207496056
5,1,Cloudy,Main Road,10.168400434668207,LOW,11.326393876039944
10,1,Sunny,Residential,12.244810277348972,HIGH,19.000946567922934
4,6,Cloudy,Highway,20.60784233327972,LOW,17.22237858323941
18,3,Cloudy,Highway,29.412666814446723,HIGH,45.431670273688766
10,4,Sunny,Residential,18.916246610346036,HIGH,31.817393658179366
7,3,Cloudy,Main Road,10.1246457945551,HIGH,16.252256740782123
9,4,Rain,Residential,22.07550337165051,HIGH,38.33246046714785
3,6,Rain,Residential,18.38050072140345,MEDIUM,24.674729367910512
13,1,Rain,Main Road,9.527259867442298,MEDIUM,13.596532197039938
20,1,Sunny,Highway,10.556502474022867,MEDIUM,14.970331750873644
2,6,Rain,Highway,28.194323954784235,LOW,27.960445488603288
21,4,Sunny,Highway,23.261784908808597,MEDIUM,27.97726392371485
1,2,Rain,Highway,12.99222836022313,LOW,12.802394924688125
11,2,Sunny,Main Road,23.233924278481876,LOW,26.932311857253815
5,2,Cloudy,Highway,26.493222686966497,LOW,24.072638438195437
7,1,Sunny,Main Road,13.405868194391106,MEDIUM,19.736710910701955
22,2,Rain,Main Road,12.844212266188569,HIGH,20.14244507527972
5,4,Sunny,Residential,22.59814883024212,LOW,26.347177228429132
17,3,Rain,Main Road,20.822348086291818,HIGH,41.17221507339841
15,1,Cloudy,Main Road,11.188773745187017,MEDIUM,14.844770444464528
16,5,Sunny,Main Road,26.13859139100102,MEDIUM,32.11477934551178
16,6,Cloudy,Main Road,29.402053470003448,MEDIUM,38.070361732263436
21,0,Cloudy,Residential,8.512405715994795,MEDIUM,12.418293337949164
23,0,Rain,Highway,5.430443310938758,MEDIUM,7.112421842171072
12,2,Sunny,Main Road,17.919842481303704,LOW,21.151721934300614
19,2,Rain,Highway,23.445902010654795,HIGH,37.32930506529216
18,4,Rain,Main Road,9.114761069037165,HIGH,18.37997540359325
17,3,Rain,Highway,29.5554781530091,HIGH,52.956361345844
6,5,Rain,Highway,14.11415763121035,MEDIUM,18.32588586939255
19,2,Sunny,Main Road,23.518998231406254,HIGH,45.395971173472525
1,3,Rain,Main Road,16.210857551856456,LOW,17.538729598490786
7,4,Cloudy,Highway,25.698599318272272,MEDIUM,34.59932184884981
14,4,Rain,Highway,7.7909773008498195,MEDIUM,10.702460063087814
15,0,Cloudy,Highway,5.063059082403047,MEDIUM,6.358877691343002
16,2,Rain,Highway,5.833478087186265,MEDIUM,8.22389316697133
13,6,Rain,Highway,15.58461935129863,LOW,16.699206029549064
12,3,Cloudy,Main Road,29.892056721082735,MEDIUM,40.45500834899221
10,2,Sunny,Highway,12.961285476282583,HIGH,20.41343883941782
15,5,Sunny,Main Road,29.43051561935587,MEDIUM,36.235671609875844
17,5,Rain,Residential,17.554835816495597,HIGH,31.26725407875745
4,1,Cloudy,Main Road,17.596266957365174,LOW,19.665807552213106
0,1,Cloudy,Highway,5.410404017748483,LOW,4.912324832836827
9,4,Sunny,Highway,15.151681560832094,MEDIUM,18.381594695557634
21,6,Sunny,Highway,13.581909655632822,LOW,13.149513130471908
9,0,Rain,Main Road,16.01126608691459,HIGH,28.527389044954326
10,4,Cloudy,Highway,28.72407720251408,MEDIUM,40.168312761577965
18,4,Rain,Highway,28.17132049255401,HIGH,46.92403044988972
13,5,Cloudy,Residential,22.400296563710977,MEDIUM,29.859734591262246
20,3,Sunny,Residential,10.438361950861275,HIGH,16.45583842209393
11,2,Rain,Residential,7.431967758482934,MEDIUM,10.486578452379272
9,6,Rain,Residential,9.599444244175166,HIGH,16.809152453148027
12,5,Sunny,Residential,20.18671401501036,LOW,23.890057885945154
22,4,Sunny,Main Road,22.53689497204399,MEDIUM,31.622626883385845
17,6,Rain,Main Road,17.395380182557986,HIGH,28.583727015248453
23,3,Sunny,Residential,19.488739800073535,MEDIUM,26.554601223096494
0,4,Rain,Highway,27.18849759511649,LOW,31.660155258862705
0,1,Rain,Residential,12.351437281766504,MEDIUM,16.60932075685914
3,3,Cloudy,Main Road,11.52772615244243,LOW,12.51690220623928
4,6,Cloudy,Highway,15.542593171448445,LOW,13.568272501845644
5,6,Rain,Main Road,28.19703353534854,MEDIUM,35.27592862061803
17,0,Rain,Residential,21.189061571957875,HIGH,40.903368807184776
7,0,Cloudy,Main Road,7.351192558712631,HIGH,12.358190928941283
2,2,Cloudy,Main Road,7.18908691716462,LOW,7.740459823950224
11,1,Cloudy,Main Road,12.098221959275344,MEDIUM,15.578869815012286
13,5,Rain,Main Road,23.21000836529286,MEDIUM,34.67285767833931
7,5,Cloudy,Residential,6.113415929356681,HIGH,9.40220066043582
17,6,Sunny,Main Road,11.163262872813155,HIGH,17.886833596857198
15,5,Cloudy,Highway,22.625839598783788,LOW,23.69453903795336
8,0,Sunny,Main Road,22.34477749540921,MEDIUM,31.179667862601377
11,2,Cloudy,Highway,18.92466466826518,LOW,21.74481261167905
6,4,Cloudy,Highway,26.57721737174892,LOW,30.477407235096216
8,1,Rain,Main Road,24.318291571245176,HIGH,48.09390236855859
16,5,Sunny,Residential,27.618442638566787,LOW,31.83679271807935
5,3,Sunny,Highway,14.78228993493083,LOW,13.117003408765122
21,4,Sunny,Main Road,18.23744802480526,MEDIUM,21.898361161878903
15,1,Cloudy,Highway,11.096069171028393,MEDIUM,13.461263659608058
14,2,Cloudy,Residential,13.393577842325135,MEDIUM,18.173626153779786
9,6,Cloudy,Residential,29.23828587799316,HIGH,51.0443243958942
9,2,Rain,Residential,9.847061780721928,HIGH,16.844716727946842
5,6,Rain,Main Road,15.221737717210067,LOW,17.723706739211792
7,3,Rain,Main Road,27.439111292201986,HIGH,47.04144990404354
12,0,Rain,Residential,24.425907396970914,HIGH,38.163239828696604
9,0,Sunny,Residential,22.014710145818384,HIGH,33.72377112784149
21,5,Sunny,Residential,5.393104200325939,MEDIUM,6.580958580809944
13,1,Rain,Highway,26.7178767769102,MEDIUM,35.36825125526129
19,5,Cloudy,Highway,6.799067689170808,MEDIUM,9.584917564136502
3,2,Cloudy,Highway,11.502267869025392,LOW,9.410595560553919
12,6,Cloudy,Highway,17.502701658800067,LOW,19.802655901106277
4,3,Rain,Highway,25.243477848088652,LOW,29.33733073840973
4,2,Sunny,Residential,24.545511258814916,LOW,29.105544232566153
13,5,Sunny,Highway,13.433770210130525,LOW,14.83061422996228
2,2,Cloudy,Residential,27.25020724943549,LOW,32.219325753658545
16,0,Sunny,Residential,29.970805200149627,MEDIUM,40.61120435947919
13,4,Cloudy,Main Road,28.31946480538122,MEDIUM,33.994272781846234
12,4,Rain,Highway,7.8427661007103815,MEDIUM,10.064370398901524
16,5,Cloudy,Highway,28.088244959818848,LOW,31.719475801713298
4,0,Sunny,Main Road,26.13797567607331,LOW,27.88327207858334
1,3,Sunny,Residential,9.431783405122825,LOW,10.214087241780001
10,5,Cloudy,Residential,18.08589125355096,HIGH,28.181115385663393
17,0,Cloudy,Highway,8.816903307298977,HIGH,14.827277249494827
21,1,Cloudy,Main Road,5.929316154147236,MEDIUM,7.880360396509442
